,Date,Tmax,Tmin,Tavg,DewPoint,WetBulb,PrecipTotal
0,2007-05-01,83.5,51.0,67.5,51.0,56.5,0.0
1,2007-05-02,59.5,42.5,51.5,42.0,47.0,0.0
2,2007-05-03,66.5,47.0,57.0,40.0,49.0,0.0
3,2007-05-04,72.0,50.0,58.0,41.5,50.0,0.0
4,2007-05-05,66.0,53.5,60.0,38.5,49.5,0.0
5,2007-05-06,68.0,50.5,59.5,30.0,46.0,0.0
6,2007-05-07,83.5,48.5,66.0,40.0,53.5,0.0
7,2007-05-08,81.0,57.0,69.0,57.5,62.5,0.0
8,2007-05-09,76.5,62.0,69.5,59.5,63.0,0.075
9,2007-05-10,83.5,57.5,70.5,52.0,60.5,0.0
10,2007-05-11,71.5,50.0,61.0,43.0,51.0,0.0
11,2007-05-12,64.5,46.5,55.5,36.5,46.0,0.0
12,2007-05-13,69.0,43.5,56.5,32.5,46.0,0.0
13,2007-05-14,90.0,55.0,72.5,46.0,58.5,0.0
14,2007-05-15,81.0,56.5,69.0,56.0,61.0,0.49
15,2007-05-16,65.0,44.5,55.0,42.5,47.5,0.10500000000000001
16,2007-05-17,61.5,43.5,53.0,32.0,43.0,0.0
17,2007-05-18,70.5,42.5,57.0,30.5,46.5,0.0
18,2007-05-19,80.0,56.0,68.0,38.0,53.0,0.0
19,2007-05-20,69.0,43.5,56.5,40.5,44.5,0.09
20,2007-05-21,79.5,45.0,62.5,50.0,56.5,0.0
21,2007-05-22,87.0,57.5,72.5,45.0,58.0,0.0
22,2007-05-23,89.0,63.0,76.5,48.5,61.0,0.0
23,2007-05-24,88.0,64.5,76.5,53.5,63.0,0.01
24,2007-05-25,68.0,56.5,62.5,45.0,53.0,0.045
25,2007-05-26,67.5,49.5,58.5,55.0,56.5,0.645
26,2007-05-27,75.0,58.0,66.5,48.0,56.5,0.06
27,2007-05-28,77.5,52.0,65.0,48.0,56.5,0.0
28,2007-05-29,88.0,62.5,75.5,58.5,65.5,0.0
29,2007-05-30,88.0,68.0,78.5,57.5,65.5,0.0
30,2007-05-31,79.0,66.5,73.0,61.0,65.5,0.27
31,2007-06-01,85.5,64.5,75.5,63.0,66.5,0.2
32,2007-06-02,81.0,66.5,74.0,62.5,67.0,0.02
33,2007-06-03,77.5,63.0,70.5,60.0,63.5,0.165
34,2007-06-04,71.5,57.0,64.5,57.5,60.0,0.35
35,2007-06-05,63.5,49.0,56.5,47.5,51.5,0.345
36,2007-06-06,72.0,46.0,59.5,47.5,55.0,0.005
37,2007-06-07,91.5,71.0,81.5,61.5,68.5,0.0
38,2007-06-08,81.0,60.0,70.5,53.5,61.5,0.0
39,2007-06-09,79.0,54.5,67.0,48.0,57.5,0.0
40,2007-06-10,81.0,58.0,69.5,50.5,59.5,0.0
41,2007-06-11,85.5,61.5,73.5,51.5,61.0,0.0
42,2007-06-12,82.5,64.0,73.5,50.5,60.5,0.0
43,2007-06-13,86.5,64.0,75.5,53.0,62.0,0.0
44,2007-06-14,89.0,66.0,78.0,54.5,63.5,0.0
45,2007-06-15,90.0,65.0,77.5,56.0,64.5,0.0
46,2007-06-16,92.5,67.0,80.0,60.5,67.5,0.0
47,2007-06-17,91.0,70.5,81.0,64.5,70.0,0.08
48,2007-06-18,89.0,71.0,80.0,65.0,70.0,0.15000000000000002
49,2007-06-19,80.5,65.0,73.0,55.0,63.0,0.755
50,2007-06-20,84.5,61.5,73.5,51.0,61.0,0.0
51,2007-06-21,78.5,63.5,71.0,51.0,60.5,0.005
52,2007-06-22,75.5,61.5,69.0,49.5,58.0,0.0
53,2007-06-23,67.5,61.5,65.0,59.0,61.5,0.195
54,2007-06-24,76.0,64.0,70.0,62.0,65.0,0.0
55,2007-06-25,87.5,66.0,77.0,66.5,70.0,0.0
56,2007-06-26,91.5,71.5,81.5,69.0,72.0,0.08
57,2007-06-27,90.0,71.0,80.5,69.5,72.0,0.25
58,2007-06-28,73.5,59.5,66.5,55.5,60.5,0.175
59,2007-06-29,70.5,56.0,63.5,55.5,59.5,0.175
60,2007-06-30,78.0,56.0,67.5,47.5,57.0,0.0
61,2007-07-01,75.5,57.5,67.0,51.5,58.5,0.0
62,2007-07-02,78.0,55.5,67.0,50.0,58.5,0.0
63,2007-07-03,83.0,61.5,72.5,56.5,63.0,0.245
64,2007-07-04,85.0,67.0,76.5,65.0,69.0,0.41000000000000003
65,2007-07-05,88.5,70.5,79.5,60.0,67.0,0.0
66,2007-07-06,85.0,67.0,76.0,57.0,64.5,0.0
67,2007-07-07,89.0,66.0,77.5,62.5,68.5,0.0
68,2007-07-08,93.5,75.0,84.5,67.0,72.0,0.0
69,2007-07-09,93.5,71.0,82.5,66.5,70.5,0.27
70,2007-07-10,89.0,69.5,79.5,67.0,70.5,0.255
71,2007-07-11,77.0,62.5,70.0,51.0,59.0,0.0
72,2007-07-12,80.0,60.5,70.5,51.0,59.5,0.0
73,2007-07-13,76.0,58.5,67.5,52.5,58.5,0.0
74,2007-07-14,84.5,61.5,73.5,55.0,62.0,0.0
75,2007-07-15,81.0,62.0,71.5,52.5,61.0,0.0
76,2007-07-16,82.0,65.5,74.0,60.0,65.0,0.23
77,2007-07-17,83.0,68.5,76.0,65.5,69.0,0.11
78,2007-07-18,85.0,69.0,77.0,68.5,71.0,1.235
79,2007-07-19,82.5,63.0,73.0,62.5,66.0,0.085
80,2007-07-20,74.5,60.0,67.5,52.5,59.0,0.0
81,2007-07-21,74.5,58.0,66.5,52.0,58.5,0.0
82,2007-07-22,81.0,59.5,70.5,54.5,61.0,0.0
83,2007-07-23,82.5,61.5,72.5,55.0,63.0,0.0
84,2007-07-24,82.0,65.0,74.0,57.5,64.0,0.0
85,2007-07-25,84.0,70.5,77.5,60.5,66.5,0.0
86,2007-07-26,83.5,65.0,74.5,65.0,68.0,0.54
87,2007-07-27,83.0,70.0,77.0,67.5,70.0,0.10500000000000001
88,2007-07-28,80.0,68.0,74.0,65.0,68.0,0.0
89,2007-07-29,85.0,65.0,75.0,56.5,64.0,0.0
90,2007-07-30,87.5,63.5,76.0,56.0,64.5,0.0
91,2007-07-31,90.0,68.5,79.5,60.5,68.0,0.0
92,2007-08-01,91.5,69.0,80.5,62.5,69.5,0.0
93,2007-08-02,91.0,71.5,81.5,66.0,71.5,0.0
94,2007-08-03,89.0,71.0,80.5,57.0,66.5,0.0
95,2007-08-04,81.0,66.0,74.0,58.0,64.5,0.025
96,2007-08-05,88.0,67.5,78.0,71.0,72.5,1.2
97,2007-08-06,86.5,74.5,80.5,72.0,74.0,0.155
98,2007-08-07,91.5,72.5,82.5,73.0,76.0,0.685
99,2007-08-08,87.0,73.5,80.5,71.5,73.5,0.075
100,2007-08-09,84.5,72.5,78.5,71.0,73.0,0.255
101,2007-08-10,86.0,71.5,79.0,68.5,72.0,0.0
102,2007-08-11,88.5,67.5,78.0,65.0,70.0,0.0
103,2007-08-12,87.5,67.5,78.0,67.0,70.5,0.26
104,2007-08-13,80.5,67.0,74.0,55.5,63.5,0.0
105,2007-08-14,84.0,65.0,75.0,66.5,69.5,0.43
106,2007-08-15,80.5,71.5,76.5,68.0,70.5,0.53
107,2007-08-16,77.0,66.0,71.5,64.5,67.5,0.0
108,2007-08-17,79.5,62.5,71.5,54.0,61.5,0.0
109,2007-08-18,68.5,59.5,64.5,54.0,58.0,0.255
110,2007-08-19,68.5,62.0,65.5,62.5,64.0,1.33
111,2007-08-20,77.0,68.0,72.5,68.5,69.5,0.6950000000000001
112,2007-08-21,86.0,69.0,77.5,70.0,72.0,0.005
113,2007-08-22,90.0,69.5,80.0,70.5,73.0,0.625
114,2007-08-23,88.0,69.5,79.0,69.0,71.0,2.1550000000000002
115,2007-08-24,80.5,69.0,75.0,67.0,69.0,0.22
116,2007-08-25,77.5,64.5,71.5,63.0,66.0,0.29500000000000004
117,2007-08-26,78.5,60.5,70.0,55.0,61.5,0.0
118,2007-08-27,79.0,61.5,70.5,59.5,64.0,0.0
119,2007-08-28,90.5,68.0,79.5,65.5,70.0,0.0
120,2007-08-29,85.5,68.5,77.5,64.5,69.0,0.0
121,2007-08-30,75.0,58.5,67.0,54.0,60.5,0.0
122,2007-08-31,76.5,57.0,67.0,53.0,59.5,0.0
123,2007-09-01,80.0,58.5,69.5,55.5,61.5,0.0
124,2007-09-02,84.5,61.5,73.0,56.5,63.0,0.0
125,2007-09-03,88.0,65.0,76.5,61.0,67.0,0.0
126,2007-09-04,89.5,65.0,77.5,59.5,66.5,0.0
127,2007-09-05,90.5,69.0,80.0,62.5,69.0,0.0
128,2007-09-06,83.0,73.5,78.5,66.5,70.0,0.13
129,2007-09-07,84.0,70.5,77.5,67.5,70.0,0.43000000000000005
130,2007-09-08,78.0,66.0,72.0,57.5,63.5,0.0
131,2007-09-09,79.5,63.0,71.5,59.0,63.5,0.0
132,2007-09-10,73.5,54.5,64.0,58.5,61.0,0.305
133,2007-09-11,71.0,50.5,61.0,44.0,52.0,0.0
134,2007-09-12,66.5,46.0,56.5,42.5,49.5,0.0
135,2007-09-13,78.5,51.5,65.0,44.0,54.0,0.0
136,2007-09-14,66.5,46.0,56.5,39.5,48.5,0.0
137,2007-09-15,61.5,40.5,51.0,34.0,44.0,0.0
138,2007-09-16,71.5,46.5,59.5,39.0,49.5,0.0
139,2007-09-17,80.0,53.5,67.0,48.5,57.0,0.0
140,2007-09-18,88.5,64.5,77.0,57.5,65.0,0.0
141,2007-09-19,84.0,66.5,75.5,59.0,65.0,0.0
142,2007-09-20,77.0,61.5,69.5,59.0,63.5,0.0
143,2007-09-21,89.0,66.0,77.5,59.0,66.0,0.0
144,2007-09-22,73.0,54.5,64.0,44.0,54.0,0.0
145,2007-09-23,83.5,52.5,68.0,50.0,58.5,0.0
146,2007-09-24,90.5,69.5,80.0,62.5,68.5,0.0
147,2007-09-25,84.0,65.0,74.5,65.5,69.0,0.14
148,2007-09-26,68.5,54.0,61.5,50.5,55.5,0.115
149,2007-09-27,74.5,50.5,62.5,49.0,55.0,0.0
150,2007-09-28,73.0,53.0,63.0,46.0,53.5,0.0
151,2007-09-29,81.0,51.0,66.0,45.5,55.0,0.0
152,2007-09-30,83.5,60.0,72.0,48.5,59.0,0.14
153,2007-10-01,68.5,59.0,64.0,59.0,61.0,0.22999999999999998
154,2007-10-02,79.0,58.0,69.0,59.0,63.0,0.1
155,2007-10-03,74.0,55.5,65.0,47.5,56.0,0.0
156,2007-10-04,82.5,53.5,68.5,56.0,61.5,0.0
157,2007-10-05,84.5,65.0,75.0,65.0,68.5,0.03
158,2007-10-06,87.5,70.0,79.0,66.5,70.5,0.0
159,2007-10-07,87.5,68.5,78.0,65.5,70.0,0.0
160,2007-10-08,87.5,61.0,74.5,60.5,66.0,0.0
161,2007-10-09,76.5,49.5,63.5,44.0,53.0,0.0
162,2007-10-10,53.5,47.0,50.5,37.5,44.0,0.0
163,2007-10-11,55.0,47.0,51.0,39.0,45.0,0.0
164,2007-10-12,56.5,43.0,50.0,35.0,43.0,0.0
165,2007-10-13,59.0,42.0,51.0,40.5,47.0,0.0
166,2007-10-14,62.0,54.0,58.0,48.0,52.5,0.08
167,2007-10-15,75.5,53.0,64.5,51.0,57.0,0.05500000000000001
168,2007-10-16,67.5,54.0,61.0,54.5,57.5,0.215
169,2007-10-17,73.0,48.5,61.0,53.0,57.0,0.075
170,2007-10-18,78.5,59.5,69.5,56.5,61.5,0.32
171,2007-10-19,60.5,52.5,56.5,48.0,52.0,0.005
172,2007-10-20,73.5,47.0,60.5,43.0,52.0,0.0
173,2007-10-21,79.5,60.5,70.0,46.5,56.5,0.0
174,2007-10-22,66.5,46.5,57.0,47.0,50.5,0.155
175,2007-10-23,55.5,44.5,50.5,37.5,44.5,0.015
176,2007-10-24,54.0,44.0,49.0,35.0,42.5,0.0
177,2007-10-25,56.0,45.0,50.5,39.5,46.0,0.0
178,2007-10-26,65.5,53.0,59.5,48.5,52.0,0.37
179,2007-10-27,56.0,38.0,47.0,39.5,45.5,0.045
180,2007-10-28,56.0,34.0,45.0,30.0,39.0,0.0
181,2007-10-29,60.5,39.0,50.0,32.0,42.0,0.0
182,2007-10-30,66.0,41.5,54.0,37.5,46.0,0.0
183,2007-10-31,62.5,42.0,52.5,37.5,46.0,0.0
184,2008-05-01,73.5,48.0,61.0,51.0,56.5,0.0
185,2008-05-02,74.0,53.0,64.0,55.5,59.0,1.01
186,2008-05-03,56.0,43.5,50.0,41.5,46.0,0.005
187,2008-05-04,65.5,38.5,52.5,33.5,45.0,0.0
188,2008-05-05,74.5,50.0,62.5,38.0,50.0,0.0
189,2008-05-06,81.5,49.0,65.5,43.5,55.0,0.0
190,2008-05-07,70.5,49.5,60.5,52.5,56.0,0.735
191,2008-05-08,59.0,46.0,52.5,35.5,44.5,0.0
192,2008-05-09,58.0,41.5,50.0,34.5,43.5,0.0
193,2008-05-10,61.0,39.5,50.5,38.0,45.5,0.0
194,2008-05-11,59.0,46.5,53.0,43.5,47.5,1.205
195,2008-05-12,54.5,40.5,47.5,38.5,43.0,0.0
196,2008-05-13,73.0,42.5,58.0,45.0,51.5,0.2
197,2008-05-14,62.5,45.5,54.5,48.5,52.0,0.02
198,2008-05-15,57.0,43.0,50.0,37.0,45.0,0.0
199,2008-05-16,72.5,40.5,57.0,41.0,50.0,0.0
200,2008-05-17,73.0,51.0,62.5,41.0,52.0,0.19
201,2008-05-18,55.0,44.5,50.0,39.5,45.5,0.0
202,2008-05-19,59.5,41.0,50.5,33.5,43.5,0.0
203,2008-05-20,65.0,48.0,57.0,37.0,47.0,0.0
204,2008-05-21,65.5,43.0,54.5,36.0,46.0,0.0
205,2008-05-22,57.5,46.0,52.0,38.0,45.0,0.0
206,2008-05-23,58.0,47.0,53.0,39.5,45.5,0.0
207,2008-05-24,67.5,42.0,55.0,39.0,48.0,0.0
208,2008-05-25,78.0,47.5,63.0,49.0,57.0,0.0
209,2008-05-26,82.5,50.0,66.5,60.0,64.5,0.24
210,2008-05-27,51.5,43.5,47.5,35.5,42.5,0.0
211,2008-05-28,61.5,44.0,53.0,33.5,43.5,0.0
212,2008-05-29,67.5,43.5,56.0,37.5,47.5,0.045
213,2008-05-30,77.0,56.5,67.0,59.5,62.5,0.35
214,2008-05-31,79.0,59.5,69.5,56.0,62.0,0.0
215,2008-06-01,72.5,54.5,64.0,46.5,55.0,0.0
216,2008-06-02,85.5,58.5,72.0,52.5,60.5,0.0
217,2008-06-03,71.5,56.0,64.0,56.5,58.5,0.72
218,2008-06-04,78.0,56.5,67.5,60.0,62.5,0.01
219,2008-06-05,87.5,64.0,76.0,68.5,71.5,0.43
220,2008-06-06,86.5,73.0,80.0,68.5,72.0,0.015
221,2008-06-07,84.5,70.5,77.5,71.0,73.0,0.09
222,2008-06-08,86.0,64.5,75.5,68.5,70.5,1.275
223,2008-06-09,74.0,65.0,70.0,64.0,66.0,0.175
224,2008-06-10,79.5,59.5,69.5,56.0,62.0,0.005
225,2008-06-11,86.0,63.5,75.0,55.5,64.0,0.0
226,2008-06-12,91.0,73.0,82.0,63.0,69.5,0.0
227,2008-06-13,82.0,65.5,74.0,62.5,66.0,0.29000000000000004
228,2008-06-14,84.0,60.0,72.5,52.5,61.5,0.0
229,2008-06-15,81.5,60.5,71.0,60.0,64.0,0.235
230,2008-06-16,73.0,59.5,66.5,49.0,57.0,0.0
231,2008-06-17,76.0,55.5,66.0,46.0,55.0,0.0
232,2008-06-18,76.0,57.0,67.0,48.5,56.0,0.0
233,2008-06-19,80.5,53.5,67.5,46.5,56.5,0.0
234,2008-06-20,82.5,59.0,71.0,52.5,59.5,0.065
235,2008-06-21,82.5,61.5,72.5,52.5,61.0,0.01
236,2008-06-22,81.5,59.0,70.5,52.5,59.5,0.09
237,2008-06-23,76.5,56.5,67.0,54.0,59.0,0.0
238,2008-06-24,82.0,56.0,69.5,52.5,60.0,0.0
239,2008-06-25,79.0,66.5,73.0,64.5,67.5,0.095
240,2008-06-26,86.5,70.5,78.5,66.5,70.5,0.0
241,2008-06-27,84.5,67.5,76.0,67.0,70.0,0.0
242,2008-06-28,83.5,65.0,74.5,55.0,63.0,0.02
243,2008-06-29,76.0,60.5,68.5,58.0,61.0,0.39999999999999997
244,2008-06-30,80.5,59.0,70.0,49.5,58.0,0.0
245,2008-07-01,83.5,57.5,71.0,50.5,60.0,0.0
246,2008-07-02,88.0,63.0,75.5,62.0,66.5,0.16
247,2008-07-03,71.0,57.0,64.0,51.0,57.0,0.0
248,2008-07-04,75.5,55.0,65.5,50.0,57.5,0.0
249,2008-07-05,79.5,55.5,67.5,52.0,59.5,0.0
250,2008-07-06,87.5,61.0,74.5,57.5,65.0,0.0
251,2008-07-07,87.0,72.5,80.0,67.5,71.0,0.07
252,2008-07-08,85.5,58.0,79.5,67.5,71.0,0.15500000000000003
253,2008-07-09,85.0,67.0,76.0,55.0,63.5,0.0
254,2008-07-10,83.0,64.0,73.5,62.5,66.5,0.575
255,2008-07-11,88.5,64.0,76.5,65.0,69.0,0.185
256,2008-07-12,82.0,65.5,74.0,63.5,66.5,0.69
257,2008-07-13,79.0,61.5,70.5,53.5,61.0,0.0
258,2008-07-14,84.0,62.0,73.0,54.0,62.0,0.0
259,2008-07-15,90.5,64.0,77.5,62.5,68.5,0.0
260,2008-07-16,90.5,72.0,81.5,66.5,70.5,0.0
261,2008-07-17,89.5,72.5,81.0,66.0,71.0,0.0
262,2008-07-18,88.5,73.5,81.0,67.5,71.5,0.02
263,2008-07-19,79.0,68.5,74.0,69.0,70.0,1.415
264,2008-07-20,86.0,68.0,77.0,68.0,71.0,0.585
265,2008-07-21,83.5,69.0,76.5,65.5,68.5,0.13
266,2008-07-22,76.0,64.5,70.5,60.0,64.0,0.03
267,2008-07-23,81.0,60.0,71.0,52.0,60.5,0.0
268,2008-07-24,82.0,59.5,71.0,52.5,61.0,0.0
269,2008-07-25,83.0,63.0,73.5,63.0,67.0,0.0
270,2008-07-26,84.5,66.0,75.5,58.0,65.5,0.0
271,2008-07-27,83.0,62.5,73.0,58.0,64.5,0.0
272,2008-07-28,84.5,68.0,76.5,63.0,67.5,0.0
273,2008-07-29,88.5,67.5,78.5,67.0,70.5,0.14
274,2008-07-30,89.5,72.0,81.0,66.0,70.5,0.0
275,2008-07-31,89.0,71.5,80.5,68.0,71.0,0.32
276,2008-08-01,89.0,70.0,80.0,68.5,72.5,0.525
277,2008-08-02,80.5,66.5,73.5,59.5,65.0,0.0
278,2008-08-03,84.5,62.0,73.5,61.0,66.5,0.0
279,2008-08-04,87.5,69.5,79.0,68.5,70.5,1.51
280,2008-08-05,87.5,70.0,79.0,68.0,71.5,0.04
281,2008-08-06,84.0,67.0,76.0,60.0,66.0,0.005
282,2008-08-07,81.5,63.5,72.5,56.5,63.0,0.005
283,2008-08-08,78.5,63.5,71.0,54.0,61.0,0.0
284,2008-08-09,79.0,61.5,70.5,58.0,62.5,0.0
285,2008-08-10,74.0,59.5,67.0,52.5,58.5,0.0
286,2008-08-11,76.5,59.5,68.0,57.0,61.5,0.0
287,2008-08-12,77.0,61.5,69.5,57.0,62.0,0.0
288,2008-08-13,78.0,66.0,72.5,59.0,63.0,0.03
289,2008-08-14,78.5,64.0,71.5,60.0,64.0,0.0
290,2008-08-15,78.0,61.0,70.0,54.5,61.0,0.0
291,2008-08-16,82.5,58.5,71.0,53.0,61.0,0.0
292,2008-08-17,84.5,63.0,74.0,59.5,65.0,0.0
293,2008-08-18,85.0,65.0,75.0,57.5,64.5,0.0
294,2008-08-19,83.0,64.0,74.0,64.0,67.5,0.0
295,2008-08-20,81.0,66.0,73.5,59.5,65.0,0.0
296,2008-08-21,82.0,68.5,75.5,60.5,66.0,0.0
297,2008-08-22,83.5,73.5,79.0,68.5,71.5,0.045
298,2008-08-23,88.5,68.5,79.0,67.0,70.5,0.0
299,2008-08-24,77.5,64.0,71.0,57.0,62.5,0.0
300,2008-08-25,74.0,65.0,69.5,55.0,60.5,0.0
301,2008-08-26,75.5,61.0,68.5,54.5,60.5,0.0
302,2008-08-27,82.5,60.5,71.5,56.5,63.0,0.0
303,2008-08-28,80.5,65.0,73.0,64.5,67.5,0.04
304,2008-08-29,84.5,65.5,75.5,59.5,65.5,0.02
305,2008-08-30,87.0,58.5,73.0,55.0,63.0,0.0
306,2008-08-31,89.5,62.5,76.0,56.5,64.5,0.0
307,2008-09-01,89.5,64.5,77.0,54.0,63.5,0.0
308,2008-09-02,94.5,66.5,81.0,61.0,68.0,0.0
309,2008-09-03,77.0,67.0,72.5,61.0,64.5,0.01
310,2008-09-04,67.5,62.0,65.0,62.0,63.0,2.79
311,2008-09-05,69.0,57.5,63.5,57.0,59.5,0.005
312,2008-09-06,74.0,54.5,64.5,54.0,58.5,0.005
313,2008-09-07,74.0,56.5,65.5,51.5,57.5,0.005
314,2008-09-08,68.5,52.5,61.0,53.0,55.5,1.12
315,2008-09-09,68.5,49.0,59.0,45.5,52.0,0.005
316,2008-09-10,72.0,49.0,60.5,47.5,54.0,0.0
317,2008-09-11,79.0,56.0,67.5,57.0,61.5,0.0
318,2008-09-12,73.0,69.0,71.0,67.5,68.5,0.495
319,2008-09-13,76.0,68.5,72.5,70.0,71.0,4.8549999999999995
320,2008-09-14,72.0,58.0,65.0,61.5,62.5,1.595
321,2008-09-15,64.0,54.0,59.0,52.0,55.5,0.005
322,2008-09-16,71.0,49.5,60.5,50.0,55.0,0.0
323,2008-09-17,82.5,57.5,70.5,56.0,60.5,0.0
324,2008-09-18,74.0,59.0,66.5,55.5,60.0,0.0
325,2008-09-19,78.0,56.0,67.5,53.5,59.5,0.0
326,2008-09-20,82.0,57.5,70.0,56.5,61.5,0.0
327,2008-09-21,80.0,59.0,69.5,61.0,64.5,0.0
328,2008-09-22,81.5,62.0,72.0,59.0,64.0,0.0
329,2008-09-23,82.5,61.0,72.0,56.5,62.5,0.0
330,2008-09-24,82.0,59.5,71.0,58.0,63.0,0.1
331,2008-09-25,77.5,64.5,71.0,61.0,64.5,0.0
332,2008-09-26,78.5,59.5,69.0,54.5,60.5,0.0
333,2008-09-27,80.5,54.0,67.5,54.0,60.0,0.0
334,2008-09-28,68.5,58.5,64.0,57.0,60.0,0.0
335,2008-09-29,64.5,55.0,60.0,56.0,58.0,0.46499999999999997
336,2008-09-30,60.0,48.0,54.5,44.5,49.5,0.005
337,2008-10-01,61.5,46.0,54.5,40.5,47.0,0.0
338,2008-10-02,61.5,42.5,52.5,40.0,47.0,0.0
339,2008-10-03,59.5,46.5,53.0,42.5,48.0,0.01
340,2008-10-04,60.5,40.0,50.5,38.5,45.5,0.0
341,2008-10-05,61.0,43.5,52.5,42.0,48.5,0.045
342,2008-10-06,69.5,55.0,62.5,46.5,54.0,0.0
343,2008-10-07,64.0,56.0,60.5,52.0,56.0,0.8300000000000001
344,2008-10-08,63.5,51.0,57.5,51.5,54.5,0.24
345,2008-10-09,69.0,47.5,58.5,38.5,49.0,0.0
346,2008-10-10,72.5,44.0,58.5,41.5,50.5,0.0
347,2008-10-11,79.5,53.0,66.5,50.0,57.0,0.0
348,2008-10-12,85.0,59.5,72.5,55.0,61.5,0.0
349,2008-10-13,78.0,62.5,70.5,57.5,63.0,0.0
350,2008-10-14,69.5,54.0,62.0,43.0,51.5,0.0
351,2008-10-15,63.5,48.5,56.0,50.5,53.5,0.27
352,2008-10-16,59.0,43.5,51.5,38.5,44.5,0.0
353,2008-10-17,56.5,43.5,50.0,39.5,45.0,0.0
354,2008-10-18,60.0,44.5,52.5,40.5,46.0,0.095
355,2008-10-19,62.0,42.0,52.0,37.0,45.5,0.0
356,2008-10-20,55.5,43.5,49.5,42.5,46.5,0.245
357,2008-10-21,55.0,38.5,47.0,36.0,42.5,0.0
358,2008-10-22,53.0,37.5,45.5,29.5,40.0,0.0
359,2008-10-23,59.0,40.5,50.0,35.0,43.5,0.125
360,2008-10-24,55.0,44.5,50.0,44.0,47.0,0.475
361,2008-10-25,53.0,43.0,48.0,40.5,44.5,0.0
362,2008-10-26,56.0,36.5,46.5,33.0,41.0,0.005
363,2008-10-27,47.0,33.5,40.5,27.5,35.0,0.0
364,2008-10-28,45.0,31.5,38.5,23.0,33.0,0.0
365,2008-10-29,51.0,32.5,42.0,24.5,34.5,0.0
366,2008-10-30,62.5,32.5,48.0,31.5,41.0,0.0
367,2008-10-31,70.5,48.5,59.5,46.0,51.0,0.0
368,2009-05-01,61.0,47.0,54.0,41.0,47.5,0.03
369,2009-05-02,65.5,44.5,55.0,33.5,45.5,0.0
370,2009-05-03,70.0,44.0,57.5,34.5,47.5,0.0
371,2009-05-04,70.0,46.0,58.5,35.0,47.5,0.0
372,2009-05-05,70.5,51.5,61.0,40.5,50.5,0.0
373,2009-05-06,75.0,53.5,64.5,51.0,55.5,0.765
374,2009-05-07,77.0,56.0,67.0,52.5,57.5,0.11
375,2009-05-08,75.5,55.0,65.5,54.0,58.5,0.015
376,2009-05-09,63.5,45.5,55.0,44.0,48.5,0.0
377,2009-05-10,67.0,41.5,54.5,39.5,46.5,0.01
378,2009-05-11,61.0,39.5,50.5,34.5,44.0,0.0
379,2009-05-12,71.5,41.5,56.5,33.0,47.0,0.0
380,2009-05-13,70.5,53.5,62.5,57.0,59.0,0.79
381,2009-05-14,68.5,54.0,61.5,44.0,52.5,0.0
382,2009-05-15,62.0,53.5,58.0,51.5,54.5,0.5449999999999999
383,2009-05-16,62.0,46.0,54.5,40.5,49.5,0.02
384,2009-05-17,61.0,40.0,50.5,27.5,42.0,0.0
385,2009-05-18,66.5,42.5,54.5,31.5,45.0,0.0
386,2009-05-19,80.0,53.0,66.5,43.5,54.5,0.0
387,2009-05-20,84.5,61.0,73.0,43.5,57.0,0.0
388,2009-05-21,84.5,60.0,72.5,48.5,59.0,0.0
389,2009-05-22,69.5,54.5,62.0,46.5,53.5,0.0
390,2009-05-23,79.5,52.5,66.0,50.5,57.5,0.0
391,2009-05-24,70.5,55.5,63.0,46.5,53.5,0.0
392,2009-05-25,65.5,55.0,60.5,44.5,52.0,0.06
393,2009-05-26,75.0,54.5,65.0,52.5,56.5,1.555
394,2009-05-27,74.0,56.5,65.5,59.0,61.5,0.01
395,2009-05-28,63.0,54.5,59.0,51.0,54.0,0.0
396,2009-05-29,75.5,52.5,64.0,49.0,55.0,0.0
397,2009-05-30,79.0,51.5,65.5,46.0,54.5,0.0
398,2009-05-31,72.5,47.0,60.0,42.0,51.0,0.0
399,2009-06-01,79.0,51.5,65.5,53.5,57.5,0.635
400,2009-06-02,60.5,49.0,55.0,46.5,50.5,0.09
401,2009-06-03,61.0,45.0,53.0,39.5,47.0,0.0
402,2009-06-04,68.0,44.5,56.5,37.5,48.5,0.0
403,2009-06-05,79.5,45.5,63.0,43.5,54.0,0.0
404,2009-06-06,64.5,53.0,59.0,46.5,51.5,0.01
405,2009-06-07,73.5,54.0,64.0,53.5,58.0,0.02
406,2009-06-08,81.0,53.5,67.5,60.5,64.0,0.375
407,2009-06-09,67.0,55.5,61.5,53.0,56.0,0.0
408,2009-06-10,67.0,54.5,61.0,49.5,54.0,0.025
409,2009-06-11,62.0,53.0,58.0,52.0,54.0,0.575
410,2009-06-12,73.0,49.5,61.5,49.0,55.0,0.0
411,2009-06-13,67.0,55.0,61.0,51.5,55.0,0.32
412,2009-06-14,76.5,52.5,64.5,49.0,57.0,0.0
413,2009-06-15,81.0,55.0,68.0,49.0,58.0,0.0
414,2009-06-16,71.0,61.5,66.5,56.0,60.5,1.15
415,2009-06-17,72.0,62.0,67.0,59.5,62.5,0.0
416,2009-06-18,80.5,62.0,71.5,63.5,67.0,0.11499999999999999
417,2009-06-19,87.0,65.5,76.5,67.5,69.5,2.42
418,2009-06-20,87.5,68.5,78.5,65.0,70.0,0.0
419,2009-06-21,85.0,70.5,78.0,63.5,68.5,0.005
420,2009-06-22,89.0,69.0,79.5,67.0,71.0,0.075
421,2009-06-23,93.0,73.0,83.5,68.5,73.0,0.0
422,2009-06-24,93.5,74.0,84.0,68.0,73.0,0.41000000000000003
423,2009-06-25,93.5,75.5,85.0,68.5,73.0,0.0
424,2009-06-26,86.0,70.5,78.5,60.5,70.0,0.0
425,2009-06-27,89.5,64.5,77.5,60.5,67.0,0.175
426,2009-06-28,83.0,67.0,75.5,53.0,62.0,0.0
427,2009-06-29,77.5,64.0,71.0,54.0,61.0,0.0
428,2009-06-30,67.0,60.0,64.0,53.0,57.5,0.0
429,2009-07-01,65.0,57.0,61.0,53.0,56.5,0.01
430,2009-07-02,73.0,59.5,66.5,54.5,60.0,0.0
431,2009-07-03,79.0,62.5,71.0,56.0,62.0,0.0
432,2009-07-04,69.0,61.0,65.0,58.0,61.5,0.16
433,2009-07-05,81.5,59.0,70.5,58.5,63.5,0.04
434,2009-07-06,85.5,61.5,73.5,54.0,62.5,0.0
435,2009-07-07,76.5,62.0,69.5,54.5,60.5,0.0
436,2009-07-08,66.5,61.5,64.0,55.5,59.0,0.115
437,2009-07-09,79.5,61.0,70.5,57.5,63.5,0.0
438,2009-07-10,83.0,65.0,74.5,64.5,67.5,0.1
439,2009-07-11,85.0,65.5,75.5,59.5,66.0,0.685
440,2009-07-12,82.0,59.0,70.5,50.5,60.0,0.0
441,2009-07-13,78.5,63.5,71.0,47.0,58.0,0.0
442,2009-07-14,80.5,57.5,69.5,50.0,59.5,0.0
443,2009-07-15,85.5,66.0,76.0,62.0,67.0,0.5
444,2009-07-16,81.0,64.5,73.0,56.5,62.5,0.085
445,2009-07-17,70.0,57.5,64.0,51.5,56.5,0.0
446,2009-07-18,72.5,57.5,65.5,52.0,57.5,0.0
447,2009-07-19,72.0,58.5,65.5,52.5,58.5,0.0
448,2009-07-20,76.0,57.0,67.0,55.5,60.5,0.0
449,2009-07-21,81.0,61.0,71.0,56.5,62.5,0.02
450,2009-07-22,78.5,64.5,72.0,60.0,64.0,0.0
451,2009-07-23,80.5,62.5,71.5,59.0,63.5,0.05
452,2009-07-24,83.0,61.5,72.5,59.5,64.5,0.165
453,2009-07-25,81.0,66.0,74.0,58.5,64.5,0.0
454,2009-07-26,82.0,63.5,73.0,58.5,64.5,0.0
455,2009-07-27,84.0,65.0,74.5,61.0,66.5,0.025
456,2009-07-28,85.0,67.0,76.0,61.0,66.5,0.01
457,2009-07-29,80.0,64.0,72.5,51.5,60.0,0.0
458,2009-07-30,79.5,62.0,71.0,57.0,62.5,0.0
459,2009-07-31,81.5,60.0,71.0,54.5,61.5,0.0
460,2009-08-01,75.0,62.0,68.5,59.0,62.5,0.005
461,2009-08-02,78.5,57.5,68.5,51.5,59.0,0.0
462,2009-08-03,85.0,67.5,76.5,60.5,66.0,0.065
463,2009-08-04,85.5,68.0,77.0,62.0,67.5,0.0
464,2009-08-05,79.0,63.5,71.5,55.0,62.0,0.0
465,2009-08-06,81.5,61.0,71.5,51.0,60.0,0.0
466,2009-08-07,74.0,65.5,70.0,59.0,63.0,0.28
467,2009-08-08,89.0,68.5,79.0,70.0,73.0,0.05
468,2009-08-09,91.5,77.0,84.5,71.5,74.5,0.09999999999999999
469,2009-08-10,85.5,70.5,78.5,65.5,69.5,0.0
470,2009-08-11,81.5,63.5,72.5,61.5,66.0,0.0
471,2009-08-12,82.5,61.5,72.5,55.5,62.5,0.0
472,2009-08-13,86.0,61.5,74.0,55.0,63.0,0.0
473,2009-08-14,88.0,65.0,77.0,59.0,66.0,0.0
474,2009-08-15,89.0,68.5,79.0,61.0,67.5,0.0
475,2009-08-16,89.0,70.5,80.0,67.5,70.5,0.45
476,2009-08-17,83.0,70.5,77.0,68.0,70.5,0.45999999999999996
477,2009-08-18,83.5,65.5,74.5,60.0,65.5,0.0
478,2009-08-19,82.0,61.5,72.0,61.0,65.5,0.48
479,2009-08-20,78.5,64.0,71.5,61.0,65.0,0.095
480,2009-08-21,73.5,59.0,66.5,58.0,61.0,0.10500000000000001
481,2009-08-22,68.5,57.5,63.5,52.0,56.5,0.0
482,2009-08-23,73.5,57.0,65.5,54.0,58.5,0.0
483,2009-08-24,79.0,55.5,67.5,56.5,61.5,0.0
484,2009-08-25,82.5,60.0,71.5,61.0,65.0,0.0
485,2009-08-26,72.5,63.0,68.0,63.0,64.5,0.7350000000000001
486,2009-08-27,67.0,61.5,64.5,60.5,62.0,1.0699999999999998
487,2009-08-28,69.5,60.5,65.0,61.0,62.5,0.25
488,2009-08-29,69.0,56.0,63.0,51.5,56.5,0.015
489,2009-08-30,66.0,51.0,59.0,47.0,52.5,0.0
490,2009-08-31,67.5,49.0,58.5,44.0,52.0,0.0
491,2009-09-01,71.5,48.5,60.5,48.0,54.0,0.0
492,2009-09-02,72.5,51.5,62.5,50.5,56.0,0.0
493,2009-09-03,75.0,56.5,66.0,54.5,59.5,0.0
494,2009-09-04,75.0,56.0,66.0,54.5,59.5,0.0
495,2009-09-05,78.0,55.5,67.0,57.0,61.5,0.0
496,2009-09-06,77.0,63.5,70.5,59.0,63.5,0.015
497,2009-09-07,77.0,61.0,69.0,59.0,62.5,0.0
498,2009-09-08,78.0,61.0,69.5,61.0,64.0,0.0
499,2009-09-09,77.5,66.5,72.5,63.0,65.5,0.0
500,2009-09-10,80.5,64.5,73.0,62.0,65.5,0.0
501,2009-09-11,79.0,62.5,71.0,59.0,63.5,0.0
502,2009-09-12,78.5,59.5,69.5,60.5,63.5,0.0
503,2009-09-13,79.5,57.5,68.5,54.5,60.5,0.005
504,2009-09-14,84.0,58.5,71.5,55.5,61.5,0.0
505,2009-09-15,82.5,63.5,73.0,58.5,63.5,0.0
506,2009-09-16,71.5,60.5,66.0,54.0,59.5,0.0
507,2009-09-17,71.5,52.0,62.0,51.5,56.5,0.0
508,2009-09-18,79.0,51.0,65.5,55.0,59.0,0.0
509,2009-09-19,75.5,56.5,66.5,55.0,59.5,0.0
510,2009-09-20,72.0,54.0,63.5,56.0,60.0,0.595
511,2009-09-21,68.0,61.5,65.0,59.5,61.5,0.0
512,2009-09-22,76.5,61.0,69.0,65.0,67.0,0.02
513,2009-09-23,76.0,62.0,69.0,62.5,64.0,0.0
514,2009-09-24,72.0,64.0,68.5,62.5,64.5,0.0
515,2009-09-25,70.0,60.0,65.0,57.0,60.0,0.09
516,2009-09-26,67.5,55.5,61.5,56.0,59.0,0.0
517,2009-09-27,74.0,51.5,63.0,53.0,57.5,0.27999999999999997
518,2009-09-28,62.5,49.5,56.5,42.0,49.0,0.005
519,2009-09-29,59.0,48.0,53.5,42.0,48.0,0.0
520,2009-09-30,61.5,48.0,55.0,41.0,47.5,0.0
521,2009-10-01,59.0,42.5,51.0,46.0,49.0,0.74
522,2009-10-02,56.0,47.5,52.0,46.0,48.0,0.19
523,2009-10-03,57.5,47.0,52.5,47.0,49.0,0.07
524,2009-10-04,60.5,45.0,53.0,42.5,47.0,0.0
525,2009-10-05,61.5,42.5,52.5,42.0,47.0,0.0
526,2009-10-06,61.5,49.0,55.5,46.5,50.5,0.04
527,2009-10-07,60.0,45.0,53.0,39.0,46.0,0.0
528,2009-10-08,53.5,46.0,50.0,46.0,48.5,0.13
529,2009-10-09,52.0,39.5,46.0,43.5,45.5,0.445
530,2009-10-10,48.0,32.0,40.5,30.0,35.5,0.0
531,2009-10-11,44.5,29.0,37.0,22.5,32.5,0.0
532,2009-10-12,48.5,41.5,45.5,35.0,40.5,0.01
533,2009-10-13,47.5,35.0,41.5,32.0,38.5,0.0
534,2009-10-14,48.0,42.0,45.0,36.0,41.0,0.03
535,2009-10-15,44.0,41.0,43.0,38.0,40.0,0.31
536,2009-10-16,45.5,39.5,42.5,36.0,39.5,0.06
537,2009-10-17,52.0,37.5,45.0,33.5,39.5,0.005
538,2009-10-18,53.0,32.0,42.5,33.0,39.5,0.0
539,2009-10-19,65.5,43.5,55.0,40.5,47.0,0.0
540,2009-10-20,63.0,49.5,56.5,47.5,52.0,0.04
541,2009-10-21,69.5,55.0,62.5,51.0,55.5,0.005
542,2009-10-22,58.0,48.5,53.5,48.5,50.5,0.935
543,2009-10-23,61.5,43.0,52.5,49.5,50.5,1.09
544,2009-10-24,49.5,38.5,44.0,37.0,40.5,0.045
545,2009-10-25,62.5,44.0,53.5,44.0,48.5,0.255
546,2009-10-26,55.0,49.5,52.5,47.5,49.0,0.12
547,2009-10-27,51.5,46.5,49.0,45.5,47.5,0.11
548,2009-10-28,57.5,50.0,54.0,49.0,51.0,0.0
549,2009-10-29,60.0,47.5,54.0,50.0,52.0,0.825
550,2009-10-30,67.5,46.5,57.5,53.5,56.0,0.98
551,2009-10-31,46.5,36.0,41.5,31.0,38.0,0.005
552,2010-05-01,70.5,59.5,65.0,53.5,58.5,0.06
553,2010-05-02,68.5,53.5,61.0,52.0,56.0,0.62
554,2010-05-03,72.0,51.0,61.5,45.0,53.0,0.0
555,2010-05-04,79.5,51.5,66.0,43.5,54.0,0.0
556,2010-05-05,72.5,56.5,64.5,37.0,51.0,0.0
557,2010-05-06,61.5,47.0,54.5,39.0,46.0,0.030000000000000002
558,2010-05-07,59.0,45.5,52.5,46.0,48.5,0.73
559,2010-05-08,50.0,42.0,46.0,35.0,41.0,0.05
560,2010-05-09,57.0,37.5,47.5,29.0,40.0,0.0
561,2010-05-10,58.0,42.0,50.5,30.0,42.0,0.0
562,2010-05-11,55.5,44.0,50.0,46.0,47.5,0.845
563,2010-05-12,52.0,45.0,49.0,45.0,46.5,0.13
564,2010-05-13,75.5,48.5,62.5,53.5,56.0,1.23
565,2010-05-14,66.5,48.0,57.5,43.5,50.5,0.0
566,2010-05-15,62.0,45.0,53.5,41.5,48.0,0.0
567,2010-05-16,66.0,43.5,55.0,43.0,49.5,0.0
568,2010-05-17,59.0,51.0,55.0,42.5,48.5,0.06
569,2010-05-18,63.5,47.5,56.0,40.5,48.0,0.0
570,2010-05-19,73.5,45.0,59.5,39.0,50.5,0.0
571,2010-05-20,73.0,49.0,61.5,49.0,55.0,0.07
572,2010-05-21,72.5,56.0,64.5,58.0,60.0,0.305
573,2010-05-22,73.0,58.0,65.5,59.0,61.0,0.005
574,2010-05-23,89.0,63.5,76.5,65.5,69.0,0.0
575,2010-05-24,91.0,71.5,81.5,66.5,71.5,0.0
576,2010-05-25,87.5,70.0,79.0,61.5,68.0,0.0
577,2010-05-26,86.0,68.0,77.5,62.5,68.0,0.0
578,2010-05-27,77.0,62.0,69.5,50.0,59.0,0.0
579,2010-05-28,77.5,58.0,68.0,49.5,58.0,0.0
580,2010-05-29,85.0,60.5,73.0,57.0,63.0,0.0
581,2010-05-30,91.0,62.5,77.0,59.0,66.0,0.0
582,2010-05-31,82.5,65.5,74.5,64.5,67.0,0.915
583,2010-06-01,84.5,64.0,74.5,62.5,67.0,0.0
584,2010-06-02,77.0,58.0,67.5,61.0,64.0,1.1600000000000001
585,2010-06-03,71.0,57.0,64.5,46.0,55.0,0.0
586,2010-06-04,83.0,58.5,71.0,59.5,64.5,0.0
587,2010-06-05,79.0,60.0,70.0,64.0,66.5,0.33
588,2010-06-06,75.5,56.5,66.5,54.5,59.0,0.0
589,2010-06-07,69.5,55.0,62.5,48.5,55.0,0.0
590,2010-06-08,67.0,58.5,63.0,57.0,59.0,0.39
591,2010-06-09,83.0,66.0,74.5,55.5,63.0,0.0
592,2010-06-10,76.0,59.0,68.0,54.0,60.0,0.0
593,2010-06-11,88.5,64.0,76.5,67.0,71.0,0.215
594,2010-06-12,77.0,62.0,70.0,63.0,65.0,0.23
595,2010-06-13,72.0,61.5,67.0,61.5,63.5,0.25
596,2010-06-14,71.0,60.5,66.0,61.0,62.5,0.005
597,2010-06-15,79.0,60.5,70.0,65.5,67.0,0.735
598,2010-06-16,84.0,64.0,74.5,60.5,65.0,0.0
599,2010-06-17,84.0,65.5,75.0,61.5,67.0,0.0
600,2010-06-18,90.5,66.5,79.0,66.0,69.0,0.765
601,2010-06-19,85.5,66.0,76.0,60.5,66.0,0.0
602,2010-06-20,80.5,65.5,73.5,60.5,65.0,0.0
603,2010-06-21,85.0,67.5,76.5,66.0,69.0,0.31
604,2010-06-22,85.5,69.5,77.5,68.0,71.0,0.0
605,2010-06-23,87.0,68.0,77.5,69.5,71.0,1.05
606,2010-06-24,82.5,65.0,74.0,59.5,65.0,0.0
607,2010-06-25,84.0,64.0,74.0,61.5,66.5,0.0
608,2010-06-26,87.5,68.5,78.0,65.5,69.5,0.7749999999999999
609,2010-06-27,86.0,72.0,79.5,69.5,72.5,0.71
610,2010-06-28,82.0,64.0,73.5,59.0,65.0,0.0
611,2010-06-29,74.0,60.5,67.5,52.5,59.0,0.0
612,2010-06-30,75.5,56.5,66.5,50.0,57.0,0.0
613,2010-07-01,77.0,56.5,67.0,47.5,57.0,0.0
614,2010-07-02,83.0,60.5,72.0,51.5,60.5,0.0
615,2010-07-03,87.0,62.0,75.0,55.0,63.0,0.0
616,2010-07-04,91.5,70.0,81.0,65.5,71.0,0.015
617,2010-07-05,90.5,78.5,85.0,63.5,70.5,0.0
618,2010-07-06,90.5,74.0,82.5,68.5,72.5,0.205
619,2010-07-07,93.5,71.5,82.5,69.5,73.0,0.125
620,2010-07-08,87.5,73.5,81.0,69.5,72.5,0.155
621,2010-07-09,87.5,71.0,79.5,59.0,67.0,0.0
622,2010-07-10,89.0,69.0,79.0,60.0,67.5,0.005
623,2010-07-11,85.0,66.5,76.0,62.5,67.0,0.78
624,2010-07-12,84.0,65.0,75.0,64.5,68.0,0.005
625,2010-07-13,84.0,70.5,77.5,64.5,68.5,0.095
626,2010-07-14,90.5,71.0,81.0,70.0,73.5,0.0
627,2010-07-15,91.0,72.0,82.0,69.0,73.0,0.005
628,2010-07-16,90.0,67.5,79.0,61.0,68.0,0.0
629,2010-07-17,92.5,71.0,82.0,63.5,70.0,0.0
630,2010-07-18,91.5,73.0,82.5,69.0,73.0,0.15
631,2010-07-19,84.0,70.5,77.5,66.0,70.0,0.005
632,2010-07-20,85.5,68.5,77.0,67.0,70.0,0.0
633,2010-07-21,90.5,72.5,82.0,65.5,70.5,0.0
634,2010-07-22,90.0,70.5,80.5,70.5,74.0,0.015
635,2010-07-23,94.5,70.5,82.5,71.0,74.0,2.9699999999999998
636,2010-07-24,87.0,69.0,78.0,70.5,72.5,4.1850000000000005
637,2010-07-25,81.0,67.0,74.5,59.5,65.5,0.26
638,2010-07-26,84.0,62.5,73.5,62.0,67.0,0.0
639,2010-07-27,88.0,69.5,79.0,66.5,71.0,0.0
640,2010-07-28,89.5,75.0,82.5,71.0,74.5,0.0
641,2010-07-29,81.5,68.0,75.0,58.5,65.0,0.0
642,2010-07-30,79.5,70.0,75.0,59.5,65.0,0.0
643,2010-07-31,79.0,65.0,72.5,63.5,66.5,0.64
644,2010-08-01,85.0,65.5,75.5,64.5,68.0,0.0
645,2010-08-02,84.0,68.5,76.5,66.5,70.0,0.04
646,2010-08-03,86.5,65.5,76.0,70.5,73.0,0.9400000000000001
647,2010-08-04,82.0,71.0,76.5,71.5,73.0,0.5249999999999999
648,2010-08-05,83.5,68.0,76.0,62.0,67.0,0.0
649,2010-08-06,82.0,64.0,73.0,58.5,64.0,0.0
650,2010-08-07,83.5,64.0,74.0,63.5,67.5,0.0
651,2010-08-08,87.0,70.0,78.5,66.5,70.0,0.065
652,2010-08-09,88.5,73.5,81.0,70.0,73.5,0.075
653,2010-08-10,88.5,76.0,82.5,71.0,74.0,0.0
654,2010-08-11,90.0,76.0,83.5,69.5,74.0,0.0
655,2010-08-12,90.5,74.5,82.5,69.5,74.0,0.0
656,2010-08-13,92.5,72.5,83.0,70.0,74.0,0.455
657,2010-08-14,88.0,72.0,80.0,68.5,72.5,0.0
658,2010-08-15,83.5,66.5,75.5,62.0,67.5,0.0
659,2010-08-16,80.0,63.5,72.0,54.0,62.0,0.0
660,2010-08-17,79.0,64.5,72.0,57.0,63.0,0.03
661,2010-08-18,83.5,63.5,74.0,60.5,65.5,0.045
662,2010-08-19,87.5,67.5,77.5,64.0,69.0,0.0
663,2010-08-20,92.5,73.0,83.0,67.0,71.5,0.015
664,2010-08-21,86.0,71.0,79.0,68.5,71.5,0.52
665,2010-08-22,80.5,68.0,74.5,64.0,67.5,0.0
666,2010-08-23,79.0,66.0,73.0,63.0,67.0,0.0
667,2010-08-24,82.5,66.0,74.5,61.5,66.0,0.0
668,2010-08-25,79.0,62.0,70.5,50.5,59.0,0.0
669,2010-08-26,78.5,60.5,69.5,52.0,59.0,0.0
670,2010-08-27,84.5,60.0,72.5,54.5,62.0,0.0
671,2010-08-28,87.5,65.0,76.5,52.0,62.0,0.0
672,2010-08-29,93.5,71.5,83.0,64.5,70.0,0.0
673,2010-08-30,88.0,73.5,81.0,66.0,71.0,0.0
674,2010-08-31,92.5,75.0,84.0,67.5,72.5,0.0
675,2010-09-01,80.5,71.0,76.0,67.0,70.0,0.15500000000000003
676,2010-09-02,83.0,65.5,74.5,67.5,70.0,1.235
677,2010-09-03,71.0,56.5,64.0,51.5,57.0,0.0
678,2010-09-04,68.0,51.5,60.0,43.5,51.0,0.0
679,2010-09-05,76.5,50.5,64.0,49.0,56.0,0.0
680,2010-09-06,83.0,67.0,75.0,51.0,60.5,0.0
681,2010-09-07,78.0,59.0,69.0,48.0,58.0,0.0
682,2010-09-08,71.0,52.0,61.5,47.5,54.0,0.0
683,2010-09-09,67.5,51.5,60.0,49.0,54.5,0.0
684,2010-09-10,72.0,57.0,65.0,50.5,57.5,0.0
685,2010-09-11,75.0,58.5,67.0,54.5,59.0,0.2
686,2010-09-12,83.0,53.5,68.5,50.5,59.0,0.0
687,2010-09-13,82.0,59.0,71.0,51.5,59.5,0.0
688,2010-09-14,77.0,56.0,67.0,48.5,57.0,0.0
689,2010-09-15,75.0,60.0,67.5,53.0,59.5,0.02
690,2010-09-16,69.5,55.0,62.5,55.5,59.0,0.095
691,2010-09-17,74.0,50.0,62.5,49.5,56.0,0.0
692,2010-09-18,65.5,59.0,62.5,55.0,58.0,0.285
693,2010-09-19,67.5,55.5,61.5,48.5,55.0,0.005
694,2010-09-20,76.0,62.5,69.5,60.0,63.5,0.0
695,2010-09-21,88.5,67.5,78.0,63.0,67.5,0.04
696,2010-09-22,74.5,63.5,69.5,61.0,63.0,0.0
697,2010-09-23,89.5,65.5,77.5,61.5,68.0,0.0
698,2010-09-24,79.5,56.5,68.0,53.5,59.0,0.23
699,2010-09-25,60.0,52.0,56.0,43.0,49.0,0.0
700,2010-09-26,60.0,51.0,55.5,44.5,49.5,0.025
701,2010-09-27,64.0,48.5,56.5,45.5,50.0,0.005
702,2010-09-28,70.5,46.0,58.5,44.5,51.5,0.0
703,2010-09-29,75.5,51.0,63.5,46.5,54.5,0.0
704,2010-09-30,74.5,52.5,63.5,49.0,55.0,0.0
705,2010-10-01,73.5,48.5,61.5,43.5,52.0,0.05
706,2010-10-02,56.0,45.5,51.0,41.5,46.5,0.255
707,2010-10-03,56.5,42.5,49.5,38.5,44.0,0.045
708,2010-10-04,59.5,39.5,49.5,39.0,45.0,0.0
709,2010-10-05,67.0,39.5,53.5,37.5,46.0,0.0
710,2010-10-06,78.0,45.5,62.0,43.5,52.5,0.0
711,2010-10-07,76.0,49.0,63.0,39.5,50.5,0.0
712,2010-10-08,79.0,48.5,64.0,38.5,51.5,0.0
713,2010-10-09,86.5,55.5,71.5,50.5,59.0,0.0
714,2010-10-10,84.0,58.0,71.5,50.0,59.0,0.0
715,2010-10-11,81.5,55.5,68.5,52.5,58.5,0.0
716,2010-10-12,76.0,53.0,64.5,54.0,58.5,0.0
717,2010-10-13,64.5,47.5,56.5,47.0,52.5,0.18
718,2010-10-14,66.0,43.0,55.0,32.0,45.0,0.0
719,2010-10-15,62.5,45.5,54.5,41.0,47.0,0.0
720,2010-10-16,71.0,42.0,57.0,39.0,48.0,0.0
721,2010-10-17,64.5,47.5,56.0,37.0,46.5,0.0
722,2010-10-18,60.5,44.0,52.5,40.5,47.0,0.0
723,2010-10-19,60.5,39.5,50.5,35.0,43.5,0.0
724,2010-10-20,70.0,45.0,57.5,35.0,46.0,0.0
725,2010-10-21,56.0,39.5,48.0,29.5,40.0,0.0
726,2010-10-22,64.5,35.0,50.0,30.0,42.0,0.015
727,2010-10-23,66.0,54.0,60.5,45.0,52.5,0.155
728,2010-10-24,72.5,55.5,64.0,52.0,57.0,0.53
729,2010-10-25,72.0,56.5,64.5,56.0,60.0,0.005
730,2010-10-26,70.5,54.0,62.5,47.0,53.5,0.32
731,2010-10-27,65.0,43.0,54.0,31.5,44.5,0.0
732,2010-10-28,46.0,39.0,43.0,30.5,38.0,0.0
733,2010-10-29,50.0,32.0,41.5,26.5,36.0,0.0
734,2010-10-30,63.0,41.5,52.5,32.0,42.0,0.0
735,2010-10-31,52.0,37.5,45.0,30.5,39.0,0.0
736,2011-05-01,63.5,49.5,56.5,37.0,47.5,0.0
737,2011-05-02,59.5,42.5,51.5,31.0,42.0,0.0
738,2011-05-03,50.5,37.5,44.5,30.5,38.0,0.0
739,2011-05-04,58.0,37.0,47.5,29.0,40.0,0.0
740,2011-05-05,62.5,38.0,50.5,39.5,46.0,0.08
741,2011-05-06,68.5,44.5,56.5,39.0,48.5,0.0
742,2011-05-07,60.0,44.5,52.5,45.0,49.0,0.0
743,2011-05-08,68.0,41.5,55.0,43.5,49.5,0.0
744,2011-05-09,73.5,49.0,61.5,45.5,54.0,0.0
745,2011-05-10,90.5,63.0,77.0,60.5,66.0,0.0
746,2011-05-11,87.5,65.0,76.5,65.5,68.5,0.20500000000000002
747,2011-05-12,86.5,60.5,73.5,62.0,66.0,0.155
748,2011-05-13,77.0,47.0,62.0,54.0,56.5,0.015
749,2011-05-14,52.0,45.5,49.0,46.5,47.5,0.37
750,2011-05-15,47.0,41.5,44.5,37.0,41.5,0.33999999999999997
751,2011-05-16,52.5,38.5,46.0,30.5,40.0,0.0
752,2011-05-17,60.0,40.0,50.0,34.0,43.5,0.0
753,2011-05-18,59.0,49.5,54.5,48.5,50.0,0.05
754,2011-05-19,72.5,49.5,61.5,53.0,55.5,0.0
755,2011-05-20,72.5,50.0,61.5,53.5,56.5,0.0
756,2011-05-21,75.5,50.5,63.5,59.0,62.0,0.005
757,2011-05-22,87.5,63.0,75.5,59.5,64.5,0.35
758,2011-05-23,79.5,62.5,71.5,59.0,64.0,0.0
759,2011-05-24,67.5,47.5,58.0,47.0,52.0,0.06
760,2011-05-25,71.0,48.0,59.5,52.5,54.0,2.0700000000000003
761,2011-05-26,49.5,43.0,46.5,40.0,43.0,0.835
762,2011-05-27,58.0,41.0,49.5,41.0,46.0,0.005
763,2011-05-28,63.0,51.5,57.5,55.0,56.0,0.175
764,2011-05-29,71.0,54.5,63.0,59.5,60.5,1.4
765,2011-05-30,89.0,60.5,75.0,65.0,69.5,0.0
766,2011-05-31,86.5,69.0,78.0,64.5,69.0,0.04
767,2011-06-01,81.5,61.0,71.5,49.0,59.0,0.0
768,2011-06-02,69.0,56.5,63.0,44.5,53.0,0.01
769,2011-06-03,87.5,56.0,72.0,61.5,67.0,0.095
770,2011-06-04,91.5,65.5,78.5,64.0,68.5,0.33999999999999997
771,2011-06-05,84.5,61.5,73.5,55.0,62.0,0.005
772,2011-06-06,93.5,61.0,77.5,63.5,69.0,0.0
773,2011-06-07,96.0,76.0,86.5,64.5,72.0,0.0
774,2011-06-08,95.5,66.5,81.5,63.5,71.0,0.43
775,2011-06-09,69.0,51.0,60.5,53.0,55.5,1.55
776,2011-06-10,70.0,51.0,60.5,56.0,57.5,0.48
777,2011-06-11,63.5,52.5,58.0,54.0,55.5,0.065
778,2011-06-12,64.0,50.5,57.5,45.0,52.0,0.0
779,2011-06-13,71.5,55.0,63.5,43.0,53.0,0.0
780,2011-06-14,77.0,55.5,66.5,49.0,56.5,0.0
781,2011-06-15,71.5,57.0,64.5,59.0,61.5,0.8200000000000001
782,2011-06-16,81.0,61.5,71.5,59.0,63.0,0.035
783,2011-06-17,82.0,62.0,72.0,60.0,64.5,0.0
784,2011-06-18,83.5,62.0,73.0,62.0,65.5,0.0
785,2011-06-19,82.0,64.0,73.0,65.0,68.5,0.0
786,2011-06-20,79.5,67.0,73.5,67.0,69.0,0.705
787,2011-06-21,89.0,67.5,78.5,70.0,72.5,0.265
788,2011-06-22,74.0,65.0,70.0,62.5,65.0,0.02
789,2011-06-23,71.5,62.5,67.5,59.5,62.5,0.030000000000000002
790,2011-06-24,68.0,60.0,64.0,55.5,59.0,0.0
791,2011-06-25,78.5,59.5,69.5,52.5,60.0,0.0
792,2011-06-26,80.5,60.5,70.5,53.0,60.5,0.0
793,2011-06-27,80.5,66.0,73.5,63.5,67.0,0.085
794,2011-06-28,81.0,64.0,72.5,53.5,61.0,0.0
795,2011-06-29,80.5,61.0,71.0,55.5,62.0,0.0
796,2011-06-30,88.5,63.0,76.0,61.5,67.0,0.015
797,2011-07-01,89.0,71.0,80.5,62.5,68.0,0.005
798,2011-07-02,93.5,72.0,83.0,70.5,74.0,0.0
799,2011-07-03,85.0,69.5,77.5,57.5,65.0,0.0
800,2011-07-04,88.5,66.5,77.5,54.0,63.5,0.0
801,2011-07-05,91.5,67.5,80.0,59.5,68.0,0.0
802,2011-07-06,86.5,70.5,78.5,60.5,67.0,0.0
803,2011-07-07,81.5,64.5,73.5,54.0,62.5,0.035
804,2011-07-08,86.0,63.0,75.0,51.5,62.5,0.0
805,2011-07-09,90.5,64.0,77.5,59.0,67.0,0.0
806,2011-07-10,91.0,74.5,83.0,67.5,72.0,0.0
807,2011-07-11,89.0,70.5,80.0,70.5,74.0,0.26
808,2011-07-12,87.5,70.5,79.5,63.5,69.0,0.01
809,2011-07-13,74.0,64.5,69.5,57.0,62.5,0.0
810,2011-07-14,82.0,62.0,72.5,56.0,63.0,0.0
811,2011-07-15,86.5,70.5,79.0,60.0,66.5,0.0
812,2011-07-16,89.5,72.5,81.0,60.5,68.0,0.0
813,2011-07-17,95.0,71.5,83.5,69.0,74.0,0.0
814,2011-07-18,92.5,80.5,86.5,74.5,77.5,0.005
815,2011-07-19,92.5,78.5,86.0,72.5,76.5,0.0
816,2011-07-20,99.5,75.0,87.5,73.0,77.0,0.01
817,2011-07-21,100.0,78.5,89.5,71.0,76.5,0.01
818,2011-07-22,94.0,70.5,85.5,70.0,73.5,0.845
819,2011-07-23,87.0,70.0,79.0,70.0,73.0,3.45
820,2011-07-24,87.0,72.0,80.0,69.5,72.5,0.09999999999999999
821,2011-07-25,89.0,73.0,81.5,66.5,71.0,0.005
822,2011-07-26,84.0,71.5,78.0,62.5,68.0,0.005
823,2011-07-27,91.0,70.0,80.5,66.0,70.5,0.355
824,2011-07-28,87.5,73.5,80.5,71.0,74.0,0.35
825,2011-07-29,86.0,72.5,79.5,68.0,71.5,0.53
826,2011-07-30,91.0,67.5,79.5,64.5,70.5,0.0
827,2011-07-31,90.5,70.5,80.5,69.0,73.0,0.0
828,2011-08-01,91.0,75.0,83.5,71.5,75.0,0.0
829,2011-08-02,93.0,74.0,84.0,73.0,76.5,0.355
830,2011-08-03,86.5,72.5,79.5,66.5,71.0,0.0
831,2011-08-04,83.0,69.0,76.5,66.5,69.5,0.0
832,2011-08-05,83.5,69.5,76.5,68.0,71.0,0.0
833,2011-08-06,85.0,72.5,79.0,70.0,72.0,0.43499999999999994
834,2011-08-07,86.5,69.0,78.0,69.0,71.5,0.62
835,2011-08-08,80.0,68.5,74.5,67.0,69.5,0.45999999999999996
836,2011-08-09,81.0,65.0,73.0,61.0,66.0,0.005
837,2011-08-10,77.5,61.5,69.5,54.0,61.0,0.0
838,2011-08-11,81.0,58.5,70.0,54.0,61.0,0.0
839,2011-08-12,81.5,62.5,72.5,58.0,64.0,0.0
840,2011-08-13,83.5,64.0,74.0,63.5,66.0,0.8400000000000001
841,2011-08-14,75.0,62.0,69.0,60.0,63.0,0.005
842,2011-08-15,81.0,58.0,70.0,55.0,62.0,0.0
843,2011-08-16,84.0,62.0,73.0,57.0,63.5,0.0
844,2011-08-17,83.0,63.5,73.5,62.0,67.0,0.0
845,2011-08-18,84.5,69.0,77.0,61.0,66.5,0.0
846,2011-08-19,86.5,65.5,76.5,62.5,68.0,0.0
847,2011-08-20,79.5,67.0,73.5,67.0,69.0,0.75
848,2011-08-21,80.5,65.0,73.0,58.0,63.5,0.005
849,2011-08-22,82.0,60.0,71.5,59.0,64.0,0.0
850,2011-08-23,73.5,64.0,69.0,62.5,65.0,0.525
851,2011-08-24,91.5,69.5,81.0,65.0,70.0,0.0
852,2011-08-25,81.5,64.5,73.5,59.0,64.0,0.0
853,2011-08-26,83.0,60.0,71.5,58.0,63.5,0.0
854,2011-08-27,82.0,65.5,74.0,61.5,66.0,0.0
855,2011-08-28,77.0,61.0,69.0,56.0,61.0,0.0
856,2011-08-29,78.5,60.0,69.5,56.5,62.0,0.0
857,2011-08-30,77.5,62.5,70.5,55.0,61.5,0.03
858,2011-08-31,87.5,65.0,76.5,64.0,68.5,0.025
859,2011-09-01,93.5,72.5,83.0,70.5,75.0,0.0
860,2011-09-02,93.0,77.5,85.5,69.0,74.0,0.0
861,2011-09-03,88.0,70.0,79.0,67.5,71.0,0.08499999999999999
862,2011-09-04,73.5,59.0,66.5,54.5,60.5,0.0
863,2011-09-05,66.0,52.5,59.5,45.5,52.5,0.0
864,2011-09-06,66.0,54.0,60.5,46.5,53.0,0.0
865,2011-09-07,70.0,55.0,62.5,47.0,54.5,0.0
866,2011-09-08,74.5,59.5,67.0,53.5,59.0,0.03
867,2011-09-09,72.0,62.0,67.0,60.5,62.5,0.065
868,2011-09-10,77.0,57.0,67.0,59.5,62.5,0.005
869,2011-09-11,83.0,58.5,71.0,59.0,63.5,0.0
870,2011-09-12,86.0,64.0,75.0,59.0,65.0,0.0
871,2011-09-13,74.5,57.0,66.0,54.5,60.0,0.0
872,2011-09-14,59.0,47.5,53.5,44.0,50.0,0.04
873,2011-09-15,59.5,43.0,51.5,35.5,44.5,0.0
874,2011-09-16,58.5,47.0,53.0,39.0,47.0,0.0
875,2011-09-17,68.5,51.0,60.0,44.5,52.0,0.0
876,2011-09-18,65.5,55.5,60.5,54.5,57.0,0.385
877,2011-09-19,68.5,55.0,62.0,58.0,60.0,0.32499999999999996
878,2011-09-20,74.5,51.0,63.0,54.0,58.0,0.005
879,2011-09-21,71.5,56.5,64.5,49.0,56.0,0.0
880,2011-09-22,63.5,52.0,58.0,47.0,52.0,0.0
881,2011-09-23,62.0,48.0,55.0,45.0,50.0,0.01
882,2011-09-24,62.5,51.0,57.0,48.5,51.5,0.10500000000000001
883,2011-09-25,64.5,52.0,58.5,53.0,55.0,0.155
884,2011-09-26,61.5,53.0,57.5,50.5,53.0,1.055
885,2011-09-27,63.0,54.0,59.0,53.0,55.0,0.28
886,2011-09-28,63.5,53.0,58.5,54.0,55.0,0.46
887,2011-09-29,66.0,50.0,58.5,50.5,53.5,0.075
888,2011-09-30,57.5,46.0,52.0,41.5,47.0,0.13
889,2011-10-01,56.0,43.0,49.5,40.0,45.0,0.0
890,2011-10-02,65.5,41.0,53.5,38.5,46.0,0.0
891,2011-10-03,69.5,44.5,57.5,44.5,50.0,0.0
892,2011-10-04,75.0,44.5,60.0,47.0,52.5,0.0
893,2011-10-05,80.0,50.5,65.5,47.5,55.0,0.0
894,2011-10-06,81.0,53.0,67.5,50.5,58.0,0.0
895,2011-10-07,84.0,56.5,70.5,52.0,59.0,0.0
896,2011-10-08,82.0,57.5,70.0,53.5,60.0,0.0
897,2011-10-09,80.0,54.0,67.0,51.0,58.0,0.0
898,2011-10-10,76.5,56.0,66.5,50.0,57.5,0.0
899,2011-10-11,78.5,57.5,68.0,53.0,59.5,0.0
900,2011-10-12,77.5,56.0,67.0,51.5,58.0,0.0
901,2011-10-13,65.0,52.0,58.5,55.0,57.5,0.385
902,2011-10-14,61.5,48.5,55.0,41.0,48.0,0.0
903,2011-10-15,61.5,47.0,54.5,36.0,46.0,0.0
904,2011-10-16,61.0,47.0,54.0,39.0,46.0,0.14500000000000002
905,2011-10-17,58.0,40.5,49.5,33.0,42.0,0.0
906,2011-10-18,54.0,40.5,47.5,37.5,43.0,0.04
907,2011-10-19,49.0,44.0,47.0,40.5,44.0,0.845
908,2011-10-20,46.5,42.5,44.5,37.5,42.0,0.07500000000000001
909,2011-10-21,54.5,37.5,46.5,34.0,41.0,0.0
910,2011-10-22,66.0,36.0,51.0,37.0,44.5,0.0
911,2011-10-23,67.5,39.5,53.5,41.5,48.5,0.21000000000000002
912,2011-10-24,63.0,45.0,54.0,39.0,46.5,0.03
913,2011-10-25,74.0,47.0,61.0,45.5,53.0,0.075
914,2011-10-26,53.5,47.0,50.5,42.0,46.0,0.0
915,2011-10-27,52.0,38.5,45.5,37.5,42.0,0.14
916,2011-10-28,54.5,35.5,45.0,32.5,40.0,0.015
917,2011-10-29,54.5,35.0,45.0,29.5,38.0,0.0
918,2011-10-30,57.0,35.0,46.0,35.0,41.5,0.14
919,2011-10-31,53.0,37.5,45.5,35.5,40.5,0.0
920,2012-05-01,64.5,50.5,57.5,52.5,55.5,0.20500000000000002
921,2012-05-02,79.0,59.0,69.0,60.0,64.0,0.0
922,2012-05-03,86.0,67.5,77.0,64.5,69.0,0.7050000000000001
923,2012-05-04,72.5,53.0,63.0,55.0,58.0,0.28
924,2012-05-05,61.5,52.5,57.0,53.0,55.0,0.0
925,2012-05-06,71.5,52.5,62.5,53.5,56.5,0.6000000000000001
926,2012-05-07,62.5,53.0,58.0,55.5,57.0,0.53
927,2012-05-08,70.0,51.5,61.0,45.0,53.0,0.005
928,2012-05-09,60.0,46.5,53.5,43.0,48.5,0.03
929,2012-05-10,66.0,45.5,56.0,33.5,46.0,0.0
930,2012-05-11,78.0,45.5,62.0,39.0,52.0,0.0
931,2012-05-12,68.0,52.0,60.0,43.5,51.0,0.14
932,2012-05-13,70.5,51.5,61.0,32.0,48.0,0.0
933,2012-05-14,80.0,44.5,62.5,36.0,51.0,0.0
934,2012-05-15,85.0,56.5,71.0,44.5,56.5,0.025
935,2012-05-16,64.0,51.0,58.0,33.0,46.0,0.0
936,2012-05-17,72.5,47.0,60.0,39.5,50.5,0.0
937,2012-05-18,85.0,55.0,70.0,39.5,54.0,0.0
938,2012-05-19,91.5,61.5,77.0,52.5,62.0,0.0
939,2012-05-20,92.5,65.0,79.0,57.0,65.0,0.14
940,2012-05-21,66.0,54.0,60.5,44.0,52.0,0.0
941,2012-05-22,69.5,49.5,60.0,41.5,51.0,0.0
942,2012-05-23,82.0,48.0,65.5,41.5,54.0,0.0
943,2012-05-24,90.0,65.5,78.0,52.5,63.0,0.0
944,2012-05-25,81.5,66.0,74.0,49.0,59.0,0.0
945,2012-05-26,84.0,61.5,73.0,54.0,61.5,0.0
946,2012-05-27,97.0,71.5,84.5,58.5,68.0,0.0
947,2012-05-28,94.5,75.5,85.0,60.0,68.5,0.01
948,2012-05-29,85.0,62.5,74.0,45.5,59.0,0.0
949,2012-05-30,69.5,53.0,61.5,46.0,53.0,0.0
950,2012-05-31,54.5,48.0,51.5,45.0,48.0,1.045
951,2012-06-01,64.5,49.0,57.0,43.5,49.0,0.02
952,2012-06-02,75.0,49.0,62.5,46.5,55.0,0.0
953,2012-06-03,80.5,56.5,68.5,48.0,58.0,0.0
954,2012-06-04,74.5,59.0,67.0,47.0,56.0,0.0
955,2012-06-05,69.5,57.0,63.5,49.0,56.0,0.0
956,2012-06-06,75.0,54.0,64.5,46.5,55.5,0.0
957,2012-06-07,80.0,54.0,67.0,44.5,56.0,0.0
958,2012-06-08,87.5,56.5,72.0,48.5,60.0,0.0
959,2012-06-09,89.5,65.5,78.0,50.0,62.0,0.0
960,2012-06-10,92.5,69.0,81.0,55.5,65.5,0.0
961,2012-06-11,90.0,71.0,80.5,62.5,68.5,0.0
962,2012-06-12,77.5,60.5,69.5,46.5,57.0,0.0
963,2012-06-13,71.5,55.5,63.5,45.0,55.0,0.0
964,2012-06-14,86.5,58.0,72.5,48.0,59.0,0.0
965,2012-06-15,93.5,63.0,78.5,48.5,61.5,0.0
966,2012-06-16,94.0,69.0,82.0,60.0,68.0,0.345
967,2012-06-17,86.0,68.5,77.5,59.0,66.0,0.13
968,2012-06-18,93.0,70.5,82.0,65.0,71.0,0.0
969,2012-06-19,94.5,76.5,86.0,65.0,71.5,0.0
970,2012-06-20,94.0,76.5,85.5,62.0,70.5,0.0
971,2012-06-21,84.0,70.0,77.5,59.5,66.5,0.02
972,2012-06-22,85.0,63.5,74.5,52.0,62.0,0.0
973,2012-06-23,86.5,62.5,75.0,55.0,63.5,0.0
974,2012-06-24,93.0,67.5,80.5,57.5,65.5,0.0
975,2012-06-25,75.0,61.5,68.5,48.5,58.0,0.0
976,2012-06-26,82.0,59.5,71.0,50.5,59.5,0.0
977,2012-06-27,91.0,60.5,76.0,51.0,63.0,0.0
978,2012-06-28,100.5,76.5,88.5,68.5,74.0,0.1
979,2012-06-29,88.0,69.5,79.0,61.5,68.0,0.35
980,2012-06-30,90.5,69.5,80.5,67.5,72.0,0.0
981,2012-07-01,90.5,67.0,79.0,67.5,71.5,0.28
982,2012-07-02,97.5,72.5,85.5,69.0,74.0,0.0
983,2012-07-03,95.5,77.0,86.5,67.0,73.5,0.0
984,2012-07-04,101.5,79.5,91.0,68.0,75.0,0.0
985,2012-07-05,102.5,79.0,91.0,68.5,75.0,0.14
986,2012-07-06,103.5,82.5,93.5,71.0,77.0,0.0
987,2012-07-07,98.0,73.5,86.0,67.5,72.5,0.0
988,2012-07-08,85.0,71.0,78.5,56.0,65.0,0.0
989,2012-07-09,89.5,67.0,78.5,58.0,65.5,0.0
990,2012-07-10,82.5,69.0,76.0,55.5,64.0,0.0
991,2012-07-11,86.5,66.5,77.0,57.0,65.0,0.0
992,2012-07-12,90.5,68.5,80.0,53.5,64.5,0.0
993,2012-07-13,93.0,71.5,82.5,63.0,69.0,0.14
994,2012-07-14,89.5,70.5,80.0,65.5,70.0,0.0
995,2012-07-15,95.0,70.5,83.0,66.0,71.5,0.0
996,2012-07-16,97.5,74.5,86.5,65.5,72.5,0.0
997,2012-07-17,99.0,79.5,89.5,66.5,74.0,0.0
998,2012-07-18,92.5,71.5,82.0,71.0,74.0,0.7
999,2012-07-19,84.0,70.5,77.5,70.0,72.0,0.845
1000,2012-07-20,81.5,68.5,75.5,60.0,65.5,0.0
1001,2012-07-21,88.0,67.0,77.5,63.0,69.0,0.0
1002,2012-07-22,89.5,71.5,81.0,65.5,70.5,0.005
1003,2012-07-23,97.5,81.0,89.5,67.5,74.0,0.005
1004,2012-07-24,86.0,70.0,78.5,65.5,70.5,0.455
1005,2012-07-25,100.0,72.0,86.5,67.0,73.0,0.005
1006,2012-07-26,89.0,70.5,80.0,69.0,72.5,0.39
1007,2012-07-27,86.5,68.0,77.5,64.0,68.5,0.02
1008,2012-07-28,82.5,69.0,76.0,60.0,66.0,0.0
1009,2012-07-29,86.5,65.5,76.0,58.5,66.0,0.0
1010,2012-07-30,92.5,71.5,82.5,61.5,69.0,0.0
1011,2012-07-31,85.5,69.5,78.0,65.0,69.5,0.165
1012,2012-08-01,89.5,69.5,79.5,63.5,69.0,0.0
1013,2012-08-02,93.0,68.5,81.0,62.0,69.0,0.0
1014,2012-08-03,94.5,72.5,83.5,66.0,72.0,0.0
1015,2012-08-04,94.0,71.5,83.0,68.5,72.0,0.6950000000000001
1016,2012-08-05,84.5,68.0,76.5,59.0,66.0,0.0
1017,2012-08-06,85.5,64.5,75.5,56.0,64.0,0.0
1018,2012-08-07,93.0,64.5,79.0,59.5,67.5,0.0
1019,2012-08-08,84.0,73.5,79.0,62.0,68.0,0.005
1020,2012-08-09,76.0,64.5,70.5,62.5,65.5,0.025
1021,2012-08-10,76.0,61.5,69.0,55.0,60.5,0.29000000000000004
1022,2012-08-11,78.5,57.0,68.0,52.5,59.0,0.0
1023,2012-08-12,76.5,58.0,67.5,53.5,60.5,0.0
1024,2012-08-13,70.5,61.5,66.5,61.0,63.0,0.37
1025,2012-08-14,83.0,57.5,70.5,60.0,64.0,0.005
1026,2012-08-15,85.5,66.0,76.0,59.5,66.0,0.0
1027,2012-08-16,76.0,63.0,69.5,61.0,65.0,0.35
1028,2012-08-17,76.5,58.5,67.5,51.5,58.5,0.0
1029,2012-08-18,77.5,55.0,66.5,49.0,57.5,0.0
1030,2012-08-19,79.0,60.5,70.0,49.5,58.5,0.0
1031,2012-08-20,75.0,59.0,67.0,55.0,60.0,0.305
1032,2012-08-21,79.0,55.5,67.5,50.5,58.5,0.0
1033,2012-08-22,84.5,63.0,69.5,51.5,60.5,0.0
1034,2012-08-23,91.5,66.5,79.0,55.0,64.0,0.015
1035,2012-08-24,93.5,67.5,80.5,56.5,66.0,0.0
1036,2012-08-25,93.5,68.5,81.5,56.5,66.0,0.0
1037,2012-08-26,80.0,67.0,74.0,66.0,68.0,2.115
1038,2012-08-27,88.0,67.5,78.0,61.5,67.0,0.0
1039,2012-08-28,85.5,64.0,75.0,60.5,65.5,0.0
1040,2012-08-29,84.0,67.5,76.0,58.5,65.0,0.0
1041,2012-08-30,90.5,66.5,78.5,58.0,66.0,0.0
1042,2012-08-31,92.5,71.5,82.5,64.0,70.0,0.0
1043,2012-09-01,76.5,72.0,74.5,67.0,70.0,0.125
1044,2012-09-02,81.5,74.0,78.0,69.0,71.5,0.0
1045,2012-09-03,87.5,72.0,80.0,69.5,73.0,0.0
1046,2012-09-04,89.5,67.0,78.5,68.5,72.0,0.485
1047,2012-09-05,86.0,64.5,75.5,64.0,68.0,0.165
1048,2012-09-06,86.0,69.0,77.5,61.0,67.0,0.0
1049,2012-09-07,78.0,60.0,69.5,59.5,63.5,0.13
1050,2012-09-08,73.0,55.0,64.5,49.5,56.0,0.255
1051,2012-09-09,72.0,55.5,64.0,51.0,56.5,0.0
1052,2012-09-10,76.0,53.0,65.0,48.5,56.0,0.0
1053,2012-09-11,83.5,55.5,70.0,52.0,60.0,0.0
1054,2012-09-12,86.5,63.0,75.0,55.0,62.5,0.0
1055,2012-09-13,71.5,55.0,63.5,54.0,58.0,0.16
1056,2012-09-14,75.5,52.5,64.5,45.5,54.5,0.0
1057,2012-09-15,79.0,52.5,66.0,45.0,55.0,0.0
1058,2012-09-16,77.5,52.5,65.0,46.5,55.5,0.0
1059,2012-09-17,78.5,57.0,68.0,55.5,59.5,0.21500000000000002
1060,2012-09-18,63.5,48.5,56.0,38.0,47.0,0.0
1061,2012-09-19,73.5,44.0,59.0,39.5,50.0,0.0
1062,2012-09-20,72.0,53.5,63.0,38.5,50.5,0.0
1063,2012-09-21,60.5,50.0,55.5,45.5,50.5,0.14
1064,2012-09-22,59.5,45.5,53.0,40.0,46.0,0.015
1065,2012-09-23,61.5,41.5,52.0,35.0,43.5,0.0
1066,2012-09-24,70.5,39.5,55.5,33.5,46.0,0.0
1067,2012-09-25,77.0,51.5,64.5,51.5,57.0,0.0
1068,2012-09-26,68.5,55.0,62.0,50.0,55.0,0.0
1069,2012-09-27,66.5,47.5,57.5,46.0,51.5,0.0
1070,2012-09-28,67.0,51.0,59.5,48.0,52.5,0.0
1071,2012-09-29,79.0,48.5,64.0,46.0,53.0,0.0
1072,2012-09-30,66.5,51.0,59.0,46.0,51.5,0.0
1073,2012-10-01,66.0,48.5,57.5,45.5,52.0,0.0
1074,2012-10-02,69.0,56.0,62.5,49.5,55.5,0.0
1075,2012-10-03,66.0,60.0,63.0,58.0,60.0,0.14500000000000002
1076,2012-10-04,79.0,49.5,64.5,51.5,56.0,0.11
1077,2012-10-05,50.5,40.5,46.0,31.0,40.0,0.0
1078,2012-10-06,50.0,34.5,42.5,27.5,37.0,0.0
1079,2012-10-07,51.0,37.0,44.5,24.0,36.0,0.0
1080,2012-10-08,60.0,34.0,47.0,28.0,40.0,0.0
1081,2012-10-09,66.0,42.5,54.5,37.0,45.0,0.175
1082,2012-10-10,51.5,36.5,44.0,30.5,38.5,0.0
1083,2012-10-11,67.0,37.0,52.0,34.0,44.0,0.01
1084,2012-10-12,53.0,39.0,46.0,31.0,40.0,0.0
1085,2012-10-13,67.5,45.5,57.0,51.0,54.0,0.345
1086,2012-10-14,71.5,48.5,60.5,54.5,57.0,0.655
1087,2012-10-15,60.0,43.5,52.0,40.5,46.0,0.0
1088,2012-10-16,70.0,42.0,56.0,44.0,51.0,0.0
1089,2012-10-17,68.5,54.5,61.5,51.5,55.5,0.47
1090,2012-10-18,54.5,45.0,50.0,40.5,45.0,0.1
1091,2012-10-19,52.5,43.5,48.5,42.5,45.0,0.08499999999999999
1092,2012-10-20,58.5,40.0,49.5,40.0,44.0,0.0
1093,2012-10-21,69.0,39.5,54.5,44.5,49.5,0.0
1094,2012-10-22,66.0,52.5,59.5,55.5,57.5,0.545
1095,2012-10-23,69.5,58.0,64.0,59.5,61.0,0.045
1096,2012-10-24,78.5,59.5,69.0,61.0,64.5,0.0
1097,2012-10-25,76.0,45.0,60.5,55.5,59.0,0.29000000000000004
1098,2012-10-26,51.0,37.5,44.5,30.0,39.0,0.0
1099,2012-10-27,48.0,35.0,41.5,27.5,36.5,0.0
1100,2012-10-28,49.5,39.0,44.5,30.5,38.5,0.0
1101,2012-10-29,51.0,37.0,44.5,30.0,38.0,0.0
1102,2012-10-30,47.5,39.5,44.0,26.0,36.5,0.0
1103,2012-10-31,49.5,34.5,42.0,26.0,35.0,0.0
1104,2013-05-01,84.5,59.5,72.0,53.0,62.0,0.0
1105,2013-05-02,63.0,42.0,61.5,40.0,45.0,0.055
1106,2013-05-03,49.0,40.0,44.5,41.5,43.5,0.035
1107,2013-05-04,71.5,48.5,60.5,44.5,51.0,0.01
1108,2013-05-05,69.5,48.5,59.5,42.0,50.0,0.0
1109,2013-05-06,70.5,50.5,61.0,38.0,49.0,0.0
1110,2013-05-07,75.5,48.5,62.5,40.0,51.5,0.0
1111,2013-05-08,78.0,47.0,63.0,42.5,53.5,0.0
1112,2013-05-09,75.5,48.0,62.0,49.5,55.0,0.475
1113,2013-05-10,48.5,44.0,46.5,42.0,44.5,0.085
1114,2013-05-11,61.0,43.5,52.5,36.5,45.0,0.0
1115,2013-05-12,55.0,37.5,46.5,28.5,39.0,0.0
1116,2013-05-13,62.5,37.0,50.0,31.5,43.0,0.0
1117,2013-05-14,90.5,53.5,72.5,48.0,58.5,0.0
1118,2013-05-15,83.5,61.0,72.5,48.0,58.5,0.0
1119,2013-05-16,82.0,55.0,68.5,45.0,56.0,0.0
1120,2013-05-17,71.5,56.5,64.5,46.5,54.0,0.0
1121,2013-05-18,79.5,57.5,68.5,55.5,61.0,0.0
1122,2013-05-19,86.5,60.0,73.5,60.5,66.0,0.0
1123,2013-05-20,90.5,65.0,78.0,59.5,67.0,1.17
1124,2013-05-21,81.5,64.5,73.5,62.5,66.0,0.38
1125,2013-05-22,73.0,54.0,64.0,59.5,62.5,1.0
1126,2013-05-23,55.0,42.5,49.0,41.5,45.5,0.09
1127,2013-05-24,57.0,41.5,49.5,33.5,42.0,0.0
1128,2013-05-25,57.0,45.0,51.5,36.5,44.0,0.0
1129,2013-05-26,67.5,45.0,56.5,43.5,50.0,0.01
1130,2013-05-27,63.5,54.5,59.5,53.5,56.0,0.21000000000000002
1131,2013-05-28,76.0,57.5,67.0,63.5,65.5,1.2000000000000002
1132,2013-05-29,84.5,64.5,74.5,63.0,67.0,0.015
1133,2013-05-30,83.5,64.5,74.5,65.0,68.5,0.3
1134,2013-05-31,77.5,64.5,71.5,64.5,67.0,0.265
1135,2013-06-01,76.0,63.0,70.0,61.5,64.0,0.5
1136,2013-06-02,63.0,45.0,54.0,49.0,51.0,0.01
1137,2013-06-03,68.0,43.0,56.0,41.5,49.5,0.0
1138,2013-06-04,72.0,50.0,61.0,44.5,52.0,0.0
1139,2013-06-05,74.5,55.0,65.0,47.5,54.5,0.005
1140,2013-06-06,64.5,53.0,59.0,49.0,53.0,0.105
1141,2013-06-07,68.0,53.0,60.5,44.5,52.0,0.0
1142,2013-06-08,74.0,49.5,62.0,42.5,53.0,0.0
1143,2013-06-09,81.5,56.5,69.5,54.0,61.0,0.01
1144,2013-06-10,75.5,60.5,68.0,62.0,64.5,0.5549999999999999
1145,2013-06-11,83.5,60.0,72.0,61.5,66.5,0.12
1146,2013-06-12,86.5,63.5,75.5,64.0,67.0,0.5
1147,2013-06-13,72.5,58.5,66.0,53.5,59.0,0.0
1148,2013-06-14,77.0,56.5,67.0,50.5,57.0,0.0
1149,2013-06-15,80.5,59.5,70.0,61.0,64.5,0.14500000000000002
1150,2013-06-16,84.5,69.0,77.0,62.0,67.0,0.0
1151,2013-06-17,88.0,60.5,74.5,55.5,63.5,0.065
1152,2013-06-18,70.5,56.5,64.0,52.0,56.5,0.005
1153,2013-06-19,75.0,55.0,65.0,46.0,55.5,0.0
1154,2013-06-20,86.0,59.0,72.5,57.5,64.0,0.0
1155,2013-06-21,83.5,69.0,76.5,64.0,67.5,0.45
1156,2013-06-22,81.5,68.5,75.5,66.0,69.0,0.02
1157,2013-06-23,88.0,67.5,78.0,67.0,70.5,0.42
1158,2013-06-24,87.5,67.5,77.5,66.0,69.0,0.16
1159,2013-06-25,86.0,68.5,77.5,68.0,71.0,0.015
1160,2013-06-26,80.5,67.0,74.0,66.0,68.0,0.835
1161,2013-06-27,90.5,65.0,78.0,66.0,69.5,0.755
1162,2013-06-28,83.0,67.5,75.5,60.5,65.5,0.08
1163,2013-06-29,72.0,64.0,68.0,59.0,62.0,0.0
1164,2013-06-30,76.5,63.0,70.0,52.0,59.5,0.0
1165,2013-07-01,75.0,60.0,67.5,50.5,58.0,0.0
1166,2013-07-02,68.0,61.0,64.5,52.5,57.5,0.0
1167,2013-07-03,73.0,60.5,67.0,60.0,62.0,0.045000000000000005
1168,2013-07-04,83.0,58.5,71.0,60.0,64.5,0.0
1169,2013-07-05,86.5,61.5,74.0,60.5,66.0,0.0
1170,2013-07-06,82.5,68.0,75.5,64.0,68.0,0.0
1171,2013-07-07,88.5,70.0,79.5,66.5,71.0,0.0
1172,2013-07-08,86.5,70.5,78.5,70.5,73.0,0.6699999999999999
1173,2013-07-09,85.0,74.0,79.5,73.0,75.0,0.005
1174,2013-07-10,86.0,66.0,76.5,65.0,69.5,0.0
1175,2013-07-11,80.5,63.5,72.5,53.0,61.5,0.0
1176,2013-07-12,82.5,59.0,71.0,53.5,61.5,0.0
1177,2013-07-13,83.5,64.5,74.0,58.5,65.0,0.0
1178,2013-07-14,88.0,72.5,80.5,66.0,70.5,0.0
1179,2013-07-15,90.0,73.0,81.5,71.0,74.0,0.055
1180,2013-07-16,92.5,75.0,84.0,71.0,75.0,0.005
1181,2013-07-17,94.5,76.5,85.5,71.0,75.5,0.0
1182,2013-07-18,95.5,78.0,87.0,71.5,76.0,0.0
1183,2013-07-19,96.5,73.0,85.0,69.5,75.0,0.29
1184,2013-07-20,88.5,71.5,80.0,63.5,69.0,0.034999999999999996
1185,2013-07-21,88.5,70.0,79.5,64.0,69.0,0.005
1186,2013-07-22,88.5,71.5,80.0,65.0,70.5,0.0
1187,2013-07-23,79.0,64.0,72.0,59.0,64.0,0.015
1188,2013-07-24,72.5,61.0,67.0,49.5,57.5,0.0
1189,2013-07-25,81.0,57.5,69.5,53.0,60.5,0.0
1190,2013-07-26,72.0,63.5,68.0,59.5,62.5,0.2
1191,2013-07-27,66.5,56.0,61.5,50.0,55.5,0.0
1192,2013-07-28,70.0,54.5,62.5,48.5,54.5,0.0
1193,2013-07-29,76.0,57.5,67.0,54.0,59.0,0.0
1194,2013-07-30,74.0,59.0,67.0,57.5,61.5,0.02
1195,2013-07-31,75.0,63.0,69.5,63.5,65.0,0.33999999999999997
1196,2013-08-01,81.5,61.0,71.5,55.5,62.0,0.0
1197,2013-08-02,85.0,63.5,74.5,62.5,66.5,0.52
1198,2013-08-03,80.0,65.0,73.0,54.5,62.0,0.0
1199,2013-08-04,74.5,60.0,67.5,55.5,61.0,0.0
1200,2013-08-05,75.5,60.5,68.5,57.5,61.5,0.045000000000000005
1201,2013-08-06,84.0,67.5,76.0,66.5,69.5,0.02
1202,2013-08-07,90.0,68.5,79.5,67.5,71.0,0.005
1203,2013-08-08,78.5,67.0,73.0,55.5,62.0,0.0
1204,2013-08-09,83.0,60.5,72.0,59.0,65.0,0.0
1205,2013-08-10,81.0,66.0,74.0,56.0,64.0,0.0
1206,2013-08-11,82.5,61.5,72.5,59.0,64.5,0.005
1207,2013-08-12,83.5,68.0,76.0,64.0,66.0,0.465
1208,2013-08-13,70.5,60.0,65.5,51.0,57.5,0.0
1209,2013-08-14,71.5,57.0,64.5,49.5,56.0,0.0
1210,2013-08-15,74.5,56.0,65.5,51.5,58.0,0.0
1211,2013-08-16,82.0,56.5,69.5,51.5,60.0,0.0
1212,2013-08-17,80.0,58.5,69.5,55.5,62.0,0.0
1213,2013-08-18,81.0,60.5,71.0,57.0,63.5,0.0
1214,2013-08-19,85.5,60.0,73.0,59.0,65.0,0.0
1215,2013-08-20,88.0,67.0,77.5,61.5,67.5,0.0
1216,2013-08-21,90.5,69.0,80.0,64.5,70.0,0.030000000000000002
1217,2013-08-22,78.0,67.5,73.0,66.5,68.5,0.295
1218,2013-08-23,81.5,63.0,72.5,55.0,63.0,0.0
1219,2013-08-24,86.0,62.0,74.0,57.5,64.5,0.0
1220,2013-08-25,89.0,66.5,78.0,61.0,67.5,0.0
1221,2013-08-26,92.0,70.0,81.0,67.0,71.5,0.0
1222,2013-08-27,96.0,77.0,87.0,69.0,74.5,0.0
1223,2013-08-28,83.0,71.0,77.0,68.0,71.5,0.0
1224,2013-08-29,88.0,67.5,78.0,64.5,69.0,0.0
1225,2013-08-30,96.0,68.0,82.5,67.5,71.5,0.415
1226,2013-08-31,77.5,70.5,74.5,66.5,68.5,0.515
1227,2013-09-01,84.5,66.5,75.5,66.5,69.5,0.08
1228,2013-09-02,78.0,61.0,70.0,60.5,64.0,0.0
1229,2013-09-03,76.5,57.5,67.0,54.0,59.5,0.0
1230,2013-09-04,84.0,59.0,72.0,56.0,62.5,0.0
1231,2013-09-05,74.0,62.0,68.5,53.5,60.0,0.0
1232,2013-09-06,85.5,59.5,73.0,56.5,63.5,0.0
1233,2013-09-07,87.5,66.5,77.5,61.5,67.5,0.005
1234,2013-09-08,77.5,71.0,74.5,65.5,68.5,0.0
1235,2013-09-09,94.0,68.5,81.5,69.0,73.5,0.0
1236,2013-09-10,95.5,77.5,86.5,63.5,71.0,0.0
1237,2013-09-11,91.5,75.0,83.5,66.0,71.0,0.0
1238,2013-09-12,82.5,62.5,72.5,58.5,64.0,0.03
1239,2013-09-13,67.0,53.0,60.5,45.0,52.5,0.0
1240,2013-09-14,72.0,49.0,61.0,42.0,52.0,0.0
1241,2013-09-15,62.0,57.0,59.5,51.5,55.0,0.445
1242,2013-09-16,64.0,53.0,59.0,47.0,52.5,0.0
1243,2013-09-17,70.5,51.0,61.0,50.0,55.5,0.0
1244,2013-09-18,81.5,61.0,71.5,59.0,63.0,0.53
1245,2013-09-19,84.0,69.5,77.0,67.0,69.5,0.42
1246,2013-09-20,76.5,58.5,67.5,59.5,63.0,0.01
1247,2013-09-21,67.0,51.5,59.5,47.0,53.0,0.0
1248,2013-09-22,67.0,49.0,58.0,46.0,51.5,0.0
1249,2013-09-23,67.0,48.0,58.0,46.5,52.5,0.0
1250,2013-09-24,80.5,50.5,59.5,48.5,54.0,0.0
1251,2013-09-25,70.5,53.5,62.5,51.5,56.0,0.0
1252,2013-09-26,75.0,52.5,64.0,52.0,58.0,0.0
1253,2013-09-27,80.5,54.5,68.0,49.5,57.0,0.0
1254,2013-09-28,84.5,56.5,71.0,55.0,61.5,0.11
1255,2013-09-29,76.0,52.0,66.0,48.5,54.0,0.2
1256,2013-09-30,75.0,48.5,62.0,48.0,55.0,0.0
1257,2013-10-01,79.0,62.0,71.0,61.5,64.5,0.0
1258,2013-10-02,76.5,63.0,70.0,50.0,59.0,0.0
1259,2013-10-03,78.0,62.0,70.0,65.0,67.0,0.46
1260,2013-10-04,75.0,65.5,70.5,64.5,66.0,0.0
1261,2013-10-05,80.5,63.0,72.0,66.0,68.0,0.75
1262,2013-10-06,70.0,46.5,64.0,44.0,49.5,0.075
1263,2013-10-07,67.5,45.0,56.5,44.5,50.0,0.0
1264,2013-10-08,75.5,46.0,61.0,47.0,53.0,0.0
1265,2013-10-09,70.5,50.0,60.5,47.0,53.0,0.0
1266,2013-10-10,74.5,48.5,61.5,49.5,55.0,0.0
1267,2013-10-11,76.5,53.5,65.5,49.5,56.0,0.0
1268,2013-10-12,73.0,49.5,61.5,53.0,57.0,0.065
1269,2013-10-13,64.5,45.0,55.0,40.5,48.0,0.0
1270,2013-10-14,62.0,43.5,53.0,43.5,49.0,0.0
1271,2013-10-15,64.5,50.0,57.5,50.5,54.0,0.08
1272,2013-10-16,54.0,47.0,51.0,44.0,47.5,0.0
1273,2013-10-17,53.5,42.0,48.0,43.5,46.5,0.22999999999999998
1274,2013-10-18,50.0,40.5,45.5,39.5,43.0,0.0
1275,2013-10-19,54.0,42.5,48.5,36.5,42.5,0.01
1276,2013-10-20,63.0,38.5,51.0,41.5,46.5,0.015
1277,2013-10-21,55.0,34.5,45.0,31.5,39.0,0.015
1278,2013-10-22,41.5,30.0,36.0,31.0,34.5,0.015
1279,2013-10-23,46.0,32.0,39.0,27.0,34.0,0.0
1280,2013-10-24,44.0,32.5,38.5,25.0,33.5,0.0
1281,2013-10-25,51.0,29.0,40.0,26.0,35.5,0.0
1282,2013-10-26,55.0,37.5,46.5,29.0,39.0,0.0
1283,2013-10-27,54.5,30.5,43.0,29.0,37.5,0.0
1284,2013-10-28,53.5,35.5,44.5,37.5,41.5,0.0
1285,2013-10-29,57.0,42.5,50.0,39.5,45.0,0.0
1286,2013-10-30,63.5,45.0,54.5,52.0,53.0,0.855
1287,2013-10-31,64.5,46.5,55.5,56.0,57.0,1.535
1288,2014-05-01,49.5,42.5,46.5,40.0,43.0,0.09
1289,2014-05-02,66.5,46.5,48.5,41.0,46.0,0.02
1290,2014-05-03,67.5,47.5,58.0,38.0,48.5,0.0
1291,2014-05-04,59.5,45.5,52.5,30.0,42.0,0.0
1292,2014-05-05,57.0,44.0,50.5,35.0,43.0,0.030000000000000002
1293,2014-05-06,63.0,43.0,53.0,36.0,46.0,0.0
1294,2014-05-07,79.0,50.0,64.5,44.5,52.5,0.0
1295,2014-05-08,91.0,59.5,75.5,56.5,64.5,0.05
1296,2014-05-09,74.5,55.5,65.5,54.0,59.5,1.23
1297,2014-05-10,77.0,49.5,63.5,43.0,53.0,0.0
1298,2014-05-11,83.0,57.5,70.5,54.0,60.0,0.265
1299,2014-05-12,85.0,64.5,75.0,65.5,68.5,1.0599999999999998
1300,2014-05-13,68.5,53.0,61.0,54.0,57.0,0.13
1301,2014-05-14,56.5,44.0,50.5,40.0,47.0,0.04
1302,2014-05-15,56.0,41.0,49.0,36.5,42.0,0.225
1303,2014-05-16,45.5,39.0,42.5,35.5,39.0,0.09
1304,2014-05-17,60.5,40.0,50.5,33.5,43.0,0.0
1305,2014-05-18,69.5,47.5,58.5,37.5,48.5,0.0
1306,2014-05-19,70.0,49.0,59.5,40.0,51.0,0.0
1307,2014-05-20,86.0,62.5,74.5,59.0,64.0,0.73
1308,2014-05-21,87.5,65.5,77.0,56.5,64.5,0.01
1309,2014-05-22,69.5,53.5,62.0,48.5,55.0,0.0
1310,2014-05-23,68.5,49.5,59.5,44.5,51.5,0.0
1311,2014-05-24,74.0,48.5,61.5,43.5,52.5,0.0
1312,2014-05-25,84.0,52.0,68.5,47.5,57.0,0.0
1313,2014-05-26,88.5,64.0,76.5,60.5,66.0,0.04
1314,2014-05-27,85.0,59.5,72.5,63.0,66.5,0.355
1315,2014-05-28,72.0,57.0,65.0,51.5,57.0,0.35500000000000004
1316,2014-05-29,76.5,55.5,66.0,53.0,58.0,0.0
1317,2014-05-30,79.0,55.0,67.0,51.0,58.0,0.0
1318,2014-05-31,88.5,57.0,73.0,51.5,60.5,0.0
1319,2014-06-01,91.0,66.0,79.0,59.5,67.0,0.0
1320,2014-06-02,84.0,68.5,76.5,63.5,68.5,0.17
1321,2014-06-03,81.5,68.0,75.0,51.5,61.0,0.0
1322,2014-06-04,71.0,56.5,64.0,54.5,58.0,0.155
1323,2014-06-05,75.5,54.0,65.0,43.0,54.0,0.0
1324,2014-06-06,81.5,51.5,66.5,41.0,54.5,0.0
1325,2014-06-07,84.5,59.5,72.5,50.5,59.5,0.1
1326,2014-06-08,71.0,54.5,63.0,46.0,54.0,0.22
1327,2014-06-09,78.5,55.5,67.5,50.0,56.5,0.0
1328,2014-06-10,68.0,57.5,63.0,53.5,57.0,0.855
1329,2014-06-11,68.0,59.5,64.0,57.5,60.0,0.275
1330,2014-06-12,80.5,60.5,71.0,57.5,63.0,0.005
1331,2014-06-13,75.0,56.0,65.5,43.0,53.5,0.0
1332,2014-06-14,79.5,54.5,67.5,43.0,55.5,0.0
1333,2014-06-15,85.0,62.0,73.5,56.5,64.0,0.0
1334,2014-06-16,89.0,68.0,79.0,62.5,68.5,0.0
1335,2014-06-17,92.0,78.0,85.0,66.0,72.0,0.0
1336,2014-06-18,83.5,62.0,73.0,65.0,68.0,0.7250000000000001
1337,2014-06-19,80.5,59.5,70.0,63.5,66.0,0.355
1338,2014-06-20,85.5,64.5,75.0,65.0,68.5,0.02
1339,2014-06-21,84.5,61.5,73.0,63.5,66.0,1.005
1340,2014-06-22,82.0,64.5,73.5,62.5,65.5,0.0
1341,2014-06-23,82.5,67.5,75.5,67.0,69.5,0.10500000000000001
1342,2014-06-24,86.0,70.0,78.5,67.5,70.5,0.7799999999999999
1343,2014-06-25,79.5,60.5,70.5,60.5,63.0,0.01
1344,2014-06-26,77.5,59.5,69.0,58.5,62.0,0.0
1345,2014-06-27,89.5,60.5,75.5,63.5,68.5,0.0
1346,2014-06-28,87.5,73.0,80.5,68.5,71.5,0.08
1347,2014-06-29,86.5,70.0,78.5,68.5,72.0,0.05500000000000001
1348,2014-06-30,87.5,67.5,77.5,69.0,71.5,2.33
1349,2014-07-01,82.0,67.5,75.0,62.0,66.5,0.02
1350,2014-07-02,72.0,57.0,64.5,54.5,58.5,0.12
1351,2014-07-03,75.5,56.5,66.0,49.5,57.0,0.060000000000000005
1352,2014-07-04,79.0,59.0,69.5,49.0,58.0,0.0
1353,2014-07-05,78.0,61.5,70.0,54.5,61.0,0.005
1354,2014-07-06,88.0,64.5,76.5,64.5,69.0,0.0
1355,2014-07-07,88.5,71.5,80.5,64.5,70.0,0.5549999999999999
1356,2014-07-08,82.5,68.0,75.5,60.5,66.5,0.51
1357,2014-07-09,80.5,63.0,72.0,56.0,62.5,0.0
1358,2014-07-10,78.5,61.5,70.5,54.5,61.0,0.0
1359,2014-07-11,82.0,61.5,72.0,54.0,62.0,0.005
1360,2014-07-12,80.5,70.0,75.5,67.5,70.5,1.8900000000000001
1361,2014-07-13,85.5,69.5,78.0,63.0,68.0,0.025
1362,2014-07-14,80.5,62.5,72.0,55.5,62.0,0.28500000000000003
1363,2014-07-15,70.5,56.0,63.5,51.5,57.0,0.05
1364,2014-07-16,72.5,55.5,64.5,48.5,56.0,0.0
1365,2014-07-17,78.0,56.0,67.0,51.5,58.5,0.0
1366,2014-07-18,80.0,61.5,71.0,54.0,61.0,0.0
1367,2014-07-19,80.0,59.5,70.0,54.0,61.5,0.0
1368,2014-07-20,83.0,63.0,73.0,57.5,64.0,0.0
1369,2014-07-21,86.5,65.5,76.5,62.0,67.5,0.0
1370,2014-07-22,90.5,70.5,81.0,68.5,72.5,0.1
1371,2014-07-23,75.5,61.5,68.5,53.5,59.5,0.0
1372,2014-07-24,75.0,58.5,67.0,49.5,57.5,0.0
1373,2014-07-25,76.0,57.5,67.0,55.5,61.0,0.0
1374,2014-07-26,84.5,69.0,77.0,65.0,68.5,0.0
1375,2014-07-27,88.0,65.5,77.0,60.5,67.0,0.03
1376,2014-07-28,73.0,60.5,67.0,49.0,57.0,0.0
1377,2014-07-29,81.0,59.0,70.5,54.0,61.0,0.005
1378,2014-07-30,79.5,60.0,70.0,56.0,61.0,0.0
1379,2014-07-31,84.5,61.0,73.0,57.0,63.5,0.0
1380,2014-08-01,84.0,64.5,74.5,58.0,64.0,0.18
1381,2014-08-02,85.0,61.0,73.5,54.5,62.0,0.0
1382,2014-08-03,87.0,64.0,76.0,60.0,66.0,0.0
1383,2014-08-04,87.5,67.5,77.5,62.0,67.0,2.29
1384,2014-08-05,80.0,66.0,73.0,64.0,67.0,0.035
1385,2014-08-06,80.5,63.5,72.0,55.5,62.5,0.0
1386,2014-08-07,81.0,65.0,73.0,58.5,64.5,0.0
1387,2014-08-08,82.0,68.0,75.0,58.5,65.0,0.0
1388,2014-08-09,80.0,67.0,73.5,58.0,64.0,0.0
1389,2014-08-10,81.5,70.0,76.0,60.5,66.0,0.0
1390,2014-08-11,83.0,67.5,75.5,65.0,68.0,1.005
1391,2014-08-12,70.0,62.0,66.5,57.0,60.5,0.115
1392,2014-08-13,82.5,58.0,70.5,57.0,62.0,0.0
1393,2014-08-14,72.5,59.0,66.0,49.0,57.0,0.0
1394,2014-08-15,78.5,53.5,66.0,50.5,58.5,0.0
1395,2014-08-16,81.5,63.0,72.5,62.5,66.0,0.0
1396,2014-08-17,71.5,65.0,68.5,62.5,64.5,0.0
1397,2014-08-18,84.0,66.0,75.0,64.0,67.5,0.0
1398,2014-08-19,86.0,71.0,79.0,66.5,70.0,0.11
1399,2014-08-20,86.5,67.0,77.0,65.0,69.5,0.0
1400,2014-08-21,81.0,70.5,76.0,70.0,71.5,1.135
1401,2014-08-22,86.5,73.0,80.0,71.5,74.0,2.375
1402,2014-08-23,86.5,69.5,78.0,70.5,72.5,0.42000000000000004
1403,2014-08-24,88.5,71.5,80.0,71.0,73.5,0.0
1404,2014-08-25,90.0,72.0,81.5,70.0,72.5,0.395
1405,2014-08-26,85.5,60.0,80.5,66.5,70.0,0.06
1406,2014-08-27,81.5,68.5,75.5,61.5,66.0,0.0
1407,2014-08-28,77.0,68.0,72.5,59.0,64.5,0.01
1408,2014-08-29,87.0,72.0,80.0,68.0,71.0,0.04
1409,2014-08-30,84.5,72.0,78.5,67.0,70.5,0.135
1410,2014-08-31,86.0,69.5,78.0,67.0,70.5,0.0
1411,2014-09-01,84.0,72.0,78.5,67.0,70.5,0.18
1412,2014-09-02,83.5,68.0,76.0,61.0,66.0,0.005
1413,2014-09-03,84.0,64.0,74.0,61.0,66.5,0.0
1414,2014-09-04,86.0,72.0,79.0,67.5,71.0,0.24
1415,2014-09-05,88.5,65.5,77.0,67.0,70.5,0.46499999999999997
1416,2014-09-06,75.5,61.0,68.5,52.5,59.0,0.0
1417,2014-09-07,79.5,56.0,68.0,51.0,58.5,0.0
1418,2014-09-08,78.0,57.5,68.0,53.0,60.0,0.0
1419,2014-09-09,80.0,64.5,72.5,60.5,65.0,0.01
1420,2014-09-10,81.0,57.0,69.0,62.5,65.5,1.46
1421,2014-09-11,57.0,51.0,54.0,43.5,48.5,0.0
1422,2014-09-12,56.0,45.0,51.0,45.5,48.0,0.115
1423,2014-09-13,59.5,41.5,50.5,41.0,45.5,0.005
1424,2014-09-14,66.0,44.0,55.5,43.5,50.0,0.0
1425,2014-09-15,62.0,52.5,57.5,49.0,53.0,0.0
1426,2014-09-16,68.5,45.5,57.0,44.5,51.0,0.0
1427,2014-09-17,71.0,48.5,60.0,46.5,53.0,0.0
1428,2014-09-18,71.0,53.0,62.5,53.0,56.5,0.0
1429,2014-09-19,77.0,55.0,66.5,48.5,56.5,0.0
1430,2014-09-20,78.5,63.0,71.0,61.5,64.5,0.12
1431,2014-09-21,69.5,51.5,60.5,50.5,55.5,0.0
1432,2014-09-22,68.0,47.0,58.0,44.0,50.5,0.0
1433,2014-09-23,75.0,50.5,63.0,47.0,54.0,0.0
1434,2014-09-24,77.0,54.0,66.0,49.5,56.5,0.0
1435,2014-09-25,76.0,57.0,66.5,53.0,58.5,0.0
1436,2014-09-26,80.0,55.0,67.5,54.0,59.5,0.0
1437,2014-09-27,79.0,57.5,68.5,55.5,60.5,0.0
1438,2014-09-28,78.5,55.5,67.5,56.0,60.5,0.0
1439,2014-09-29,83.5,55.0,69.5,55.5,59.5,0.005
1440,2014-09-30,59.5,49.0,54.5,48.0,51.0,0.0
1441,2014-10-01,71.5,50.5,61.5,50.5,56.0,0.0
1442,2014-10-02,73.5,64.5,69.5,62.0,64.0,0.52
1443,2014-10-03,66.5,44.5,55.5,46.0,50.5,0.865
1444,2014-10-04,48.0,36.0,42.0,34.5,40.0,0.055
1445,2014-10-05,55.5,39.5,47.5,35.5,43.0,0.005
1446,2014-10-06,62.0,45.0,54.0,39.0,46.0,0.01
1447,2014-10-07,67.5,48.5,58.0,44.0,50.5,0.0
1448,2014-10-08,66.0,46.0,56.5,35.5,47.0,0.0
1449,2014-10-09,63.0,46.5,55.0,35.0,45.0,0.0
1450,2014-10-10,58.5,41.5,50.5,39.5,45.0,0.0
1451,2014-10-11,59.5,38.0,49.0,35.0,43.0,0.0
1452,2014-10-12,63.5,41.5,53.0,43.0,48.5,0.01
1453,2014-10-13,69.0,57.5,63.5,59.5,61.0,0.54
1454,2014-10-14,66.0,53.0,60.0,58.0,59.0,0.915
1455,2014-10-15,56.5,51.5,54.5,52.0,52.5,0.060000000000000005
1456,2014-10-16,57.0,51.5,54.5,50.5,52.0,0.0
1457,2014-10-17,62.5,48.5,55.5,47.0,51.0,0.005
1458,2014-10-18,51.0,37.5,44.5,39.0,43.0,0.015
1459,2014-10-19,55.5,34.5,45.5,39.0,43.5,0.0
1460,2014-10-20,65.5,48.0,57.0,45.0,50.0,0.005
1461,2014-10-21,53.5,47.0,50.5,40.0,45.0,0.0
1462,2014-10-22,56.0,39.0,48.0,38.0,43.5,0.0
1463,2014-10-23,60.5,38.5,50.0,40.5,46.0,0.0
1464,2014-10-24,67.5,53.0,60.5,47.0,52.5,0.0
1465,2014-10-25,73.5,50.5,62.5,40.5,51.5,0.0
1466,2014-10-26,65.0,43.0,54.0,32.5,44.5,0.0
1467,2014-10-27,78.0,52.5,65.5,51.5,58.5,0.01
1468,2014-10-28,67.0,46.5,57.0,39.0,47.5,0.015
1469,2014-10-29,49.0,38.0,44.0,33.0,41.0,0.0
1470,2014-10-30,52.0,34.5,43.5,34.5,41.0,0.0
1471,2014-10-31,48.0,33.5,41.0,27.0,34.5,0.035
