Date,Tmax,Tmin,Tavg,DewPoint,WetBulb,PrecipTotal
2007-05-01,83,50,67.0,51,56.0,0.0
2007-05-02,59,42,51.0,42,47.0,0.0
2007-05-03,66,46,56.0,40,48.0,0.0
2007-05-04,66,49,58.0,41,50.0,0.0
2007-05-05,66,53,60.0,38,49.0,0.0
2007-05-06,68,49,59.0,30,46.0,0.0
2007-05-07,83,47,65.0,41,54.0,0.0
2007-05-08,82,54,68.0,58,62.0,0.0
2007-05-09,77,61,69.0,59,63.0,0.13
2007-05-10,84,56,70.0,52,60.0,0.0
2007-05-11,70,51,61.0,42,51.0,0.0
2007-05-12,64,46,55.0,36,46.0,0.0
2007-05-13,69,43,56.0,33,46.0,0.0
2007-05-14,90,56,73.0,47,59.0,0.0
2007-05-15,80,57,69.0,56,61.0,0.38
2007-05-16,66,44,55.0,43,48.0,0.14
2007-05-17,62,43,53.0,32,43.0,0.0
2007-05-18,71,42,57.0,30,46.0,0.0
2007-05-19,80,56,68.0,39,53.0,0.0
2007-05-20,69,43,56.0,40,44.0,0.07
2007-05-21,80,44,62.0,50,56.0,0.0
2007-05-22,87,55,71.0,46,58.0,0.0
2007-05-23,89,60,75.0,49,61.0,0.0
2007-05-24,88,63,76.0,54,63.0,0.02
2007-05-25,70,56,63.0,44,53.0,0.0
2007-05-26,65,49,57.0,55,56.0,1.01
2007-05-27,75,57,66.0,47,56.0,0.04
2007-05-28,79,50,65.0,47,56.0,0.0
2007-05-29,88,60,74.0,58,65.0,0.0
2007-05-30,87,66,77.0,58,65.0,0.0
2007-05-31,78,65,72.0,61,65.0,0.01
2007-06-01,85,62,74.0,63,66.0,0.19
2007-06-02,81,65,73.0,63,67.0,0.04
2007-06-03,78,62,70.0,60,63.0,0.01
2007-06-04,71,58,65.0,58,60.0,0.39
2007-06-05,64,47,56.0,48,51.0,0.42
2007-06-06,71,44,58.0,48,55.0,0.01
2007-06-07,91,71,81.0,62,69.0,0.0
2007-06-08,81,57,69.0,53,61.0,0.0
2007-06-09,79,52,66.0,47,57.0,0.0
2007-06-10,81,55,68.0,51,59.0,0.0
2007-06-11,86,58,72.0,52,61.0,0.0
2007-06-12,83,62,73.0,50,60.0,0.0
2007-06-13,87,60,74.0,53,62.0,0.0
2007-06-14,89,64,77.0,55,64.0,0.0
2007-06-15,91,63,77.0,56,64.0,0.0
2007-06-16,93,66,80.0,60,67.0,0.0
2007-06-17,91,70,81.0,64,70.0,0.0
2007-06-18,89,69,79.0,65,70.0,0.28
2007-06-19,80,65,73.0,55,63.0,0.58
2007-06-20,84,61,73.0,52,61.0,0.0
2007-06-21,77,61,69.0,51,60.0,0.01
2007-06-22,76,61,69.0,50,58.0,0.0
2007-06-23,67,62,65.0,58,61.0,0.05
2007-06-24,77,63,70.0,62,65.0,0.0
2007-06-25,89,65,77.0,66,70.0,0.0
2007-06-26,92,70,81.0,69,72.0,0.16
2007-06-27,91,71,81.0,70,72.0,0.15
2007-06-28,74,58,66.0,55,60.0,0.0
2007-06-29,70,56,63.0,55,59.0,0.0
2007-06-30,79,54,67.0,46,56.0,0.0
2007-07-01,75,54,65.0,52,58.0,0.0
2007-07-02,79,53,66.0,50,58.0,0.0
2007-07-03,83,60,72.0,57,63.0,0.4
2007-07-04,86,67,77.0,65,69.0,0.16
2007-07-05,89,71,80.0,60,67.0,0.0
2007-07-06,86,66,76.0,57,64.0,0.0
2007-07-07,90,64,77.0,63,69.0,0.0
2007-07-08,94,75,85.0,67,72.0,0.0
2007-07-09,94,70,82.0,66,70.0,0.3
2007-07-10,89,69,79.0,67,70.0,0.43
2007-07-11,77,62,70.0,51,59.0,0.0
2007-07-12,80,61,71.0,51,59.0,0.0
2007-07-13,78,58,68.0,52,58.0,0.0
2007-07-14,84,61,73.0,55,62.0,0.0
2007-07-15,82,60,71.0,53,61.0,0.0
2007-07-16,82,65,74.0,60,65.0,0.39
2007-07-17,83,68,76.0,66,69.0,0.11
2007-07-18,85,69,77.0,68,71.0,1.55
2007-07-19,83,63,73.0,63,66.0,0.16
2007-07-20,75,58,67.0,53,59.0,0.0
2007-07-21,74,58,66.0,52,58.0,0.0
2007-07-22,81,58,70.0,55,61.0,0.0
2007-07-23,83,60,72.0,55,63.0,0.0
2007-07-24,82,65,74.0,58,64.0,0.0
2007-07-25,85,71,78.0,61,67.0,0.0
2007-07-26,83,66,75.0,65,68.0,0.19
2007-07-27,83,70,77.0,68,70.0,0.17
2007-07-28,80,66,73.0,65,68.0,0.0
2007-07-29,85,63,74.0,57,64.0,0.0
2007-07-30,89,62,76.0,55,64.0,0.0
2007-07-31,91,68,80.0,61,68.0,0.0
2007-08-01,92,69,81.0,62,69.0,0.0
2007-08-02,91,70,81.0,66,71.0,0.0
2007-08-03,90,69,80.0,56,66.0,0.0
2007-08-04,81,64,73.0,58,64.0,0.03
2007-08-05,88,67,78.0,71,73.0,1.43
2007-08-06,88,74,81.0,72,74.0,0.26
2007-08-07,91,72,82.0,73,76.0,1.31
2007-08-08,87,73,80.0,71,73.0,0.06
2007-08-09,84,72,78.0,71,73.0,0.05
2007-08-10,86,70,78.0,68,72.0,0.0
2007-08-11,89,67,78.0,65,70.0,0.0
2007-08-12,88,67,78.0,67,71.0,0.29
2007-08-13,81,65,73.0,57,64.0,0.0
2007-08-14,84,65,75.0,67,70.0,0.41
2007-08-15,80,71,76.0,67,70.0,0.23
2007-08-16,77,65,71.0,64,67.0,0.0
2007-08-17,79,60,70.0,54,61.0,0.0
2007-08-18,68,59,64.0,54,58.0,0.09
2007-08-19,68,62,65.0,62,64.0,1.33
2007-08-20,78,68,73.0,68,69.0,0.91
2007-08-21,87,69,78.0,70,72.0,0.0
2007-08-22,90,69,80.0,71,73.0,0.37
2007-08-23,87,69,78.0,69,71.0,2.35
2007-08-24,80,69,75.0,67,69.0,0.24
2007-08-25,79,64,72.0,63,66.0,0.34
2007-08-26,79,60,70.0,55,61.0,0.0
2007-08-27,79,60,70.0,60,64.0,0.0
2007-08-28,91,67,79.0,66,70.0,0.0
2007-08-29,85,68,77.0,65,69.0,0.0
2007-08-30,75,57,66.0,54,60.0,0.0
2007-08-31,77,57,67.0,52,59.0,0.0
2007-09-01,81,57,69.0,55,61.0,0.0
2007-09-02,85,61,73.0,57,63.0,0.0
2007-09-03,88,66,77.0,61,67.0,0.0
2007-09-04,89,63,76.0,60,66.0,0.0
2007-09-05,90,66,78.0,63,69.0,0.0
2007-09-06,82,73,78.0,67,70.0,0.18
2007-09-07,84,70,77.0,68,70.0,0.19
2007-09-08,78,64,71.0,57,63.0,0.0
2007-09-09,80,63,72.0,59,63.0,0.0
2007-09-10,74,54,64.0,58,60.0,0.36
2007-09-11,71,50,61.0,44,52.0,0.0
2007-09-12,67,46,57.0,42,49.0,0.0
2007-09-13,78,50,64.0,45,54.0,0.0
2007-09-14,66,45,56.0,39,48.0,0.0
2007-09-15,61,39,50.0,33,43.0,0.0
2007-09-16,71,44,58.0,40,49.0,0.0
2007-09-17,80,52,66.0,49,57.0,0.0
2007-09-18,88,63,76.0,58,65.0,0.0
2007-09-19,84,65,75.0,59,65.0,0.0
2007-09-20,78,60,69.0,59,63.0,0.0
2007-09-21,88,64,76.0,59,66.0,0.0
2007-09-22,74,51,63.0,43,53.0,0.0
2007-09-23,84,50,67.0,50,58.0,0.0
2007-09-24,90,68,79.0,63,68.0,0.0
2007-09-25,85,63,74.0,65,69.0,0.27
2007-09-26,69,53,61.0,50,55.0,0.09
2007-09-27,75,49,62.0,49,55.0,0.0
2007-09-28,73,53,63.0,46,53.0,0.0
2007-09-29,80,50,65.0,46,55.0,0.0
2007-09-30,83,59,71.0,49,59.0,0.14
2007-10-01,69,59,64.0,59,61.0,0.29
2007-10-02,78,57,68.0,59,63.0,0.09
2007-10-03,74,55,65.0,48,56.0,0.0
2007-10-04,82,51,67.0,56,61.0,0.0
2007-10-05,84,62,73.0,65,68.0,0.0
2007-10-06,87,69,78.0,67,70.0,0.0
2007-10-07,87,67,77.0,66,70.0,0.0
2007-10-08,87,60,74.0,61,66.0,0.0
2007-10-09,76,49,63.0,44,53.0,0.0
2007-10-10,54,47,51.0,38,44.0,0.0
2007-10-11,54,46,50.0,39,45.0,0.0
2007-10-12,56,41,49.0,35,43.0,0.0
2007-10-13,59,40,50.0,41,47.0,0.0
2007-10-14,61,53,57.0,49,53.0,0.15
2007-10-15,74,51,63.0,52,57.0,0.07
2007-10-16,67,52,60.0,54,57.0,0.24
2007-10-17,72,47,60.0,53,57.0,0.04
2007-10-18,78,59,69.0,56,61.0,0.3
2007-10-19,60,52,56.0,48,52.0,0.01
2007-10-20,73,47,60.0,43,52.0,0.0
2007-10-21,80,60,70.0,47,57.0,0.0
2007-10-22,67,46,57.0,47,50.0,0.16
2007-10-23,58,43,51.0,36,44.0,0.0
2007-10-24,55,43,49.0,35,42.0,0.0
2007-10-25,55,45,50.0,39,46.0,0.0
2007-10-26,65,53,59.0,48,52.0,0.33
2007-10-27,55,37,46.0,38,45.0,0.01
2007-10-28,56,34,45.0,30,39.0,0.0
2007-10-29,61,39,50.0,32,42.0,0.0
2007-10-30,66,41,54.0,38,46.0,0.0
2007-10-31,62,41,52.0,37,46.0,0.0
2008-05-01,74,48,61.0,51,56.0,0.0
2008-05-02,74,51,63.0,55,58.0,1.28
2008-05-03,56,43,50.0,41,46.0,0.0
2008-05-04,65,38,52.0,34,45.0,0.0
2008-05-05,75,50,63.0,38,50.0,0.0
2008-05-06,81,46,64.0,44,55.0,0.0
2008-05-07,70,49,60.0,52,56.0,0.76
2008-05-08,59,45,52.0,35,44.0,0.0
2008-05-09,58,41,50.0,34,43.0,0.0
2008-05-10,61,38,50.0,37,45.0,0.0
2008-05-11,58,46,52.0,43,47.0,0.95
2008-05-12,56,40,48.0,38,43.0,0.0
2008-05-13,73,40,57.0,45,51.0,0.08
2008-05-14,64,45,55.0,48,52.0,0.02
2008-05-15,57,43,50.0,37,45.0,0.0
2008-05-16,73,40,57.0,41,50.0,0.0
2008-05-17,73,52,63.0,41,52.0,0.12
2008-05-18,55,44,50.0,39,45.0,0.0
2008-05-19,60,40,50.0,33,43.0,0.0
2008-05-20,66,47,57.0,37,47.0,0.0
2008-05-21,66,41,54.0,36,46.0,0.0
2008-05-22,59,45,52.0,38,45.0,0.0
2008-05-23,57,46,52.0,39,45.0,0.0
2008-05-24,67,40,54.0,40,48.0,0.0
2008-05-25,78,44,61.0,50,57.0,0.0
2008-05-26,81,47,64.0,60,64.0,0.48
2008-05-27,50,42,46.0,35,42.0,0.0
2008-05-28,62,43,53.0,32,43.0,0.0
2008-05-29,67,42,55.0,37,47.0,0.01
2008-05-30,77,55,66.0,59,62.0,0.4
2008-05-31,79,59,69.0,56,62.0,0.0
2008-06-01,74,53,64.0,47,55.0,0.0
2008-06-02,86,56,71.0,52,60.0,0.0
2008-06-03,69,55,62.0,55,57.0,0.52
2008-06-04,78,54,66.0,59,61.0,0.0
2008-06-05,87,60,74.0,68,71.0,0.64
2008-06-06,87,73,80.0,68,72.0,0.0
2008-06-07,85,69,77.0,71,73.0,0.11
2008-06-08,85,64,75.0,68,70.0,1.24
2008-06-09,74,65,70.0,64,66.0,0.14
2008-06-10,79,59,69.0,56,61.0,0.0
2008-06-11,86,61,74.0,56,64.0,0.0
2008-06-12,91,73,82.0,63,69.0,0.0
2008-06-13,82,65,74.0,62,66.0,0.39
2008-06-14,84,59,72.0,53,61.0,0.0
2008-06-15,81,61,71.0,60,64.0,0.18
2008-06-16,72,59,66.0,49,57.0,0.0
2008-06-17,76,55,66.0,46,55.0,0.0
2008-06-18,77,56,67.0,48,56.0,0.0
2008-06-19,81,52,67.0,46,56.0,0.0
2008-06-20,82,58,70.0,53,60.0,0.09
2008-06-21,82,61,72.0,52,61.0,0.01
2008-06-22,82,57,70.0,52,59.0,0.16
2008-06-23,77,56,67.0,54,59.0,0.0
2008-06-24,82,55,69.0,53,60.0,0.0
2008-06-25,79,66,73.0,64,67.0,0.08
2008-06-26,86,70,78.0,66,70.0,0.0
2008-06-27,84,66,75.0,67,70.0,0.0
2008-06-28,83,64,74.0,55,63.0,0.04
2008-06-29,75,60,68.0,58,61.0,0.58
2008-06-30,80,59,70.0,50,58.0,0.0
2008-07-01,83,58,71.0,51,60.0,0.0
2008-07-02,87,63,75.0,62,66.0,0.2
2008-07-03,71,55,63.0,51,57.0,0.0
2008-07-04,76,52,64.0,50,57.0,0.0
2008-07-05,80,54,67.0,52,59.0,0.0
2008-07-06,87,59,73.0,57,65.0,0.0
2008-07-07,87,71,79.0,67,71.0,0.03
2008-07-08,85,70,78.0,67,71.0,0.03
2008-07-09,85,67,76.0,55,63.0,0.0
2008-07-10,82,64,73.0,63,66.0,0.72
2008-07-11,88,64,76.0,65,69.0,0.34
2008-07-12,81,65,73.0,63,66.0,0.73
2008-07-13,79,62,71.0,54,61.0,0.0
2008-07-14,84,62,73.0,54,62.0,0.0
2008-07-15,90,61,76.0,62,68.0,0.0
2008-07-16,90,71,81.0,66,70.0,0.0
2008-07-17,89,71,80.0,66,71.0,0.0
2008-07-18,86,74,80.0,68,72.0,0.04
2008-07-19,78,67,73.0,68,69.0,1.61
2008-07-20,86,68,77.0,68,71.0,0.74
2008-07-21,83,68,76.0,65,68.0,0.13
2008-07-22,77,63,70.0,59,64.0,0.0
2008-07-23,81,60,71.0,52,60.0,0.0
2008-07-24,82,59,71.0,53,61.0,0.0
2008-07-25,82,61,72.0,63,67.0,0.0
2008-07-26,84,65,75.0,58,65.0,0.0
2008-07-27,83,62,73.0,58,64.0,0.0
2008-07-28,85,66,76.0,63,67.0,0.0
2008-07-29,88,65,77.0,67,70.0,0.05
2008-07-30,89,72,81.0,65,70.0,0.0
2008-07-31,89,72,81.0,67,70.0,0.14
2008-08-01,89,68,79.0,68,72.0,1.05
2008-08-02,81,65,73.0,59,65.0,0.0
2008-08-03,84,61,73.0,61,66.0,0.0
2008-08-04,87,70,79.0,68,70.0,2.43
2008-08-05,87,69,78.0,67,71.0,0.0
2008-08-06,84,67,76.0,60,66.0,0.0
2008-08-07,82,64,73.0,56,63.0,0.0
2008-08-08,79,63,71.0,54,61.0,0.0
2008-08-09,80,62,71.0,58,62.0,0.0
2008-08-10,74,58,66.0,52,58.0,0.0
2008-08-11,77,59,68.0,57,61.0,0.0
2008-08-12,77,61,69.0,57,62.0,0.0
2008-08-13,79,66,73.0,59,63.0,0.06
2008-08-14,79,63,71.0,60,64.0,0.0
2008-08-15,78,61,70.0,54,61.0,0.0
2008-08-16,83,58,71.0,53,61.0,0.0
2008-08-17,84,63,74.0,60,65.0,0.0
2008-08-18,85,65,75.0,57,64.0,0.0
2008-08-19,82,63,73.0,64,67.0,0.0
2008-08-20,81,65,73.0,60,65.0,0.0
2008-08-21,82,68,75.0,61,66.0,0.0
2008-08-22,83,72,78.0,68,71.0,0.09
2008-08-23,87,68,78.0,66,70.0,0.0
2008-08-24,77,63,70.0,57,62.0,0.0
2008-08-25,74,64,69.0,54,60.0,0.0
2008-08-26,76,61,69.0,54,60.0,0.0
2008-08-27,83,61,72.0,56,63.0,0.0
2008-08-28,80,63,72.0,64,67.0,0.06
2008-08-29,85,64,75.0,58,65.0,0.04
2008-08-30,87,56,72.0,55,62.0,0.0
2008-08-31,90,60,75.0,56,64.0,0.0
2008-09-01,90,62,76.0,54,63.0,0.0
2008-09-02,94,65,80.0,61,68.0,0.0
2008-09-03,77,66,72.0,60,64.0,0.02
2008-09-04,67,61,64.0,61,62.0,2.9
2008-09-05,70,57,64.0,56,59.0,0.0
2008-09-06,74,53,64.0,54,58.0,0.01
2008-09-07,74,55,65.0,51,57.0,0.0
2008-09-08,67,52,60.0,52,55.0,1.23
2008-09-09,69,49,59.0,45,52.0,0.0
2008-09-10,72,48,60.0,48,54.0,0.0
2008-09-11,79,55,67.0,57,61.0,0.0
2008-09-12,73,69,71.0,67,68.0,0.37
2008-09-13,75,68,72.0,69,70.0,6.64
2008-09-14,72,58,65.0,61,62.0,1.44
2008-09-15,63,53,58.0,51,55.0,0.0
2008-09-16,71,49,60.0,50,55.0,0.0
2008-09-17,82,57,70.0,56,60.0,0.0
2008-09-18,74,56,65.0,55,60.0,0.0
2008-09-19,77,54,66.0,54,59.0,0.0
2008-09-20,82,56,69.0,57,61.0,0.0
2008-09-21,80,58,69.0,61,64.0,0.0
2008-09-22,81,61,71.0,59,64.0,0.0
2008-09-23,82,59,71.0,57,62.0,0.0
2008-09-24,82,57,70.0,59,63.0,0.2
2008-09-25,77,63,70.0,61,64.0,0.0
2008-09-26,79,59,69.0,55,60.0,0.0
2008-09-27,81,53,67.0,54,60.0,0.0
2008-09-28,68,57,63.0,57,60.0,0.0
2008-09-29,64,54,59.0,55,57.0,0.82
2008-09-30,59,48,54.0,44,49.0,0.0
2008-10-01,61,46,54.0,40,47.0,0.0
2008-10-02,61,42,52.0,40,47.0,0.0
2008-10-03,60,44,52.0,42,47.0,0.01
2008-10-04,61,38,50.0,38,45.0,0.0
2008-10-05,61,41,51.0,43,48.0,0.06
2008-10-06,69,54,62.0,47,54.0,0.0
2008-10-07,63,56,60.0,52,56.0,0.8
2008-10-08,64,50,57.0,51,54.0,0.19
2008-10-09,69,47,58.0,38,49.0,0.0
2008-10-10,72,42,57.0,42,50.0,0.0
2008-10-11,79,51,65.0,50,57.0,0.0
2008-10-12,84,57,71.0,56,61.0,0.0
2008-10-13,77,61,69.0,58,63.0,0.0
2008-10-14,69,53,61.0,43,51.0,0.0
2008-10-15,63,47,55.0,50,53.0,0.3
2008-10-16,59,43,51.0,38,44.0,0.0
2008-10-17,57,43,50.0,39,44.0,0.0
2008-10-18,60,43,52.0,40,45.0,0.05
2008-10-19,62,40,51.0,37,45.0,0.0
2008-10-20,55,43,49.0,42,46.0,0.18
2008-10-21,55,38,47.0,35,42.0,0.0
2008-10-22,52,35,44.0,30,40.0,0.0
2008-10-23,58,41,50.0,36,44.0,0.16
2008-10-24,54,44,49.0,44,47.0,0.32
2008-10-25,53,43,48.0,40,44.0,0.0
2008-10-26,56,37,47.0,32,41.0,0.0
2008-10-27,47,33,40.0,27,35.0,0.0
2008-10-28,45,31,38.0,23,33.0,0.0
2008-10-29,51,32,42.0,24,34.0,0.0
2008-10-30,62,31,47.0,32,41.0,0.0
2008-10-31,70,48,59.0,46,51.0,0.0
2009-05-01,60,46,53.0,40,47.0,0.02
2009-05-02,66,44,55.0,33,45.0,0.0
2009-05-03,70,43,57.0,34,47.0,0.0
2009-05-04,70,43,57.0,34,47.0,0.0
2009-05-05,71,49,60.0,40,50.0,0.0
2009-05-06,75,51,63.0,51,55.0,0.67
2009-05-07,77,56,67.0,52,57.0,0.19
2009-05-08,77,53,65.0,53,58.0,0.02
2009-05-09,63,46,55.0,44,48.0,0.0
2009-05-10,67,40,54.0,39,46.0,0.0
2009-05-11,61,39,50.0,35,44.0,0.0
2009-05-12,71,39,55.0,34,47.0,0.0
2009-05-13,70,53,62.0,56,58.0,0.55
2009-05-14,68,53,61.0,44,52.0,0.0
2009-05-15,61,52,57.0,51,54.0,0.39
2009-05-16,62,45,54.0,40,49.0,0.0
2009-05-17,63,39,51.0,27,42.0,0.0
2009-05-18,66,40,53.0,33,45.0,0.0
2009-05-19,80,52,66.0,44,55.0,0.0
2009-05-20,84,61,73.0,44,57.0,0.0
2009-05-21,84,60,72.0,49,59.0,0.0
2009-05-22,69,53,61.0,46,53.0,0.0
2009-05-23,80,50,65.0,50,57.0,0.0
2009-05-24,71,55,63.0,46,53.0,0.0
2009-05-25,67,54,61.0,43,51.0,0.04
2009-05-26,74,53,64.0,51,55.0,1.73
2009-05-27,73,55,64.0,58,60.0,0.02
2009-05-28,62,54,58.0,51,54.0,0.0
2009-05-29,74,50,62.0,49,55.0,0.0
2009-05-30,79,50,65.0,46,54.0,0.0
2009-05-31,73,45,59.0,41,50.0,0.0
2009-06-01,78,51,65.0,53,57.0,0.44
2009-06-02,60,48,54.0,46,50.0,0.12
2009-06-03,61,43,52.0,39,46.0,0.0
2009-06-04,68,42,55.0,37,48.0,0.0
2009-06-05,79,44,62.0,44,54.0,0.0
2009-06-06,63,51,57.0,45,50.0,0.02
2009-06-07,73,52,63.0,53,57.0,0.04
2009-06-08,80,52,66.0,60,63.0,0.45
2009-06-09,67,55,61.0,53,56.0,0.0
2009-06-10,67,54,61.0,49,53.0,0.01
2009-06-11,64,53,59.0,51,54.0,0.01
2009-06-12,74,49,62.0,49,55.0,0.0
2009-06-13,68,54,61.0,51,55.0,0.33
2009-06-14,77,51,64.0,48,57.0,0.0
2009-06-15,81,53,67.0,49,58.0,0.0
2009-06-16,71,59,65.0,55,60.0,1.23
2009-06-17,71,61,66.0,59,62.0,0.0
2009-06-18,80,61,71.0,63,67.0,0.12
2009-06-19,86,65,76.0,67,69.0,3.97
2009-06-20,87,68,78.0,65,70.0,0.0
2009-06-21,84,70,77.0,63,68.0,0.01
2009-06-22,89,68,79.0,67,71.0,0.09
2009-06-23,94,71,83.0,69,73.0,0.0
2009-06-24,94,75,85.0,68,73.0,0.04
2009-06-25,94,75,85.0,69,73.0,0.0
2009-06-26,86,69,78.0,60,73.0,0.0
2009-06-27,89,62,76.0,61,67.0,0.3
2009-06-28,83,66,75.0,53,62.0,0.0
2009-06-29,77,63,70.0,54,61.0,0.0
2009-06-30,66,59,63.0,53,57.0,0.0
2009-07-01,65,57,61.0,52,56.0,0.0
2009-07-02,73,59,66.0,54,60.0,0.0
2009-07-03,79,63,71.0,56,62.0,0.0
2009-07-04,69,59,64.0,58,61.0,0.2
2009-07-05,81,57,69.0,58,63.0,0.05
2009-07-06,86,60,73.0,54,62.0,0.0
2009-07-07,77,59,68.0,54,60.0,0.0
2009-07-08,65,61,63.0,56,59.0,0.06
2009-07-09,79,59,69.0,57,63.0,0.0
2009-07-10,82,63,73.0,64,67.0,0.08
2009-07-11,85,63,74.0,59,65.0,0.25
2009-07-12,82,58,70.0,51,60.0,0.0
2009-07-13,79,61,70.0,46,57.0,0.0
2009-07-14,80,55,68.0,51,59.0,0.0
2009-07-15,85,65,75.0,62,67.0,0.68
2009-07-16,80,64,72.0,56,62.0,0.0
2009-07-17,70,57,64.0,51,56.0,0.0
2009-07-18,72,57,65.0,52,57.0,0.0
2009-07-19,71,57,64.0,52,58.0,0.0
2009-07-20,76,55,66.0,55,60.0,0.0
2009-07-21,80,58,69.0,57,62.0,0.04
2009-07-22,78,63,71.0,61,64.0,0.0
2009-07-23,82,62,72.0,58,63.0,0.0
2009-07-24,83,61,72.0,59,64.0,0.14
2009-07-25,81,66,74.0,58,64.0,0.0
2009-07-26,82,63,73.0,58,64.0,0.0
2009-07-27,84,64,74.0,61,66.0,0.02
2009-07-28,84,66,75.0,60,66.0,0.01
2009-07-29,81,62,72.0,51,59.0,0.0
2009-07-30,79,59,69.0,57,62.0,0.0
2009-07-31,81,58,70.0,54,61.0,0.0
2009-08-01,75,61,68.0,59,62.0,0.0
2009-08-02,78,57,68.0,51,59.0,0.0
2009-08-03,84,67,76.0,60,66.0,0.07
2009-08-04,85,67,76.0,61,67.0,0.0
2009-08-05,79,61,70.0,54,61.0,0.0
2009-08-06,82,60,71.0,51,60.0,0.0
2009-08-07,74,64,69.0,59,63.0,0.33
2009-08-08,89,68,79.0,70,73.0,0.02
2009-08-09,91,77,84.0,71,74.0,0.18
2009-08-10,85,70,78.0,65,69.0,0.0
2009-08-11,82,62,72.0,61,66.0,0.0
2009-08-12,83,60,72.0,55,62.0,0.0
2009-08-13,86,60,73.0,55,63.0,0.0
2009-08-14,88,63,76.0,59,66.0,0.0
2009-08-15,89,67,78.0,61,67.0,0.0
2009-08-16,88,70,79.0,67,70.0,0.63
2009-08-17,83,70,77.0,68,70.0,0.33
2009-08-18,83,65,74.0,59,65.0,0.0
2009-08-19,83,59,71.0,60,65.0,0.35
2009-08-20,78,64,71.0,61,65.0,0.07
2009-08-21,73,59,66.0,58,61.0,0.16
2009-08-22,68,57,63.0,52,56.0,0.0
2009-08-23,74,56,65.0,53,58.0,0.0
2009-08-24,79,54,67.0,56,61.0,0.0
2009-08-25,83,59,71.0,61,65.0,0.0
2009-08-26,73,62,68.0,62,64.0,0.93
2009-08-27,67,61,64.0,60,61.0,0.95
2009-08-28,68,60,64.0,61,62.0,0.22
2009-08-29,69,56,63.0,51,56.0,0.02
2009-08-30,66,51,59.0,47,52.0,0.0
2009-08-31,68,49,59.0,44,52.0,0.0
2009-09-01,72,47,60.0,47,53.0,0.0
2009-09-02,73,50,62.0,50,56.0,0.0
2009-09-03,75,56,66.0,54,59.0,0.0
2009-09-04,75,54,65.0,54,59.0,0.0
2009-09-05,78,54,66.0,57,61.0,0.0
2009-09-06,77,61,69.0,59,63.0,0.03
2009-09-07,77,59,68.0,59,62.0,0.0
2009-09-08,78,60,69.0,60,63.0,0.0
2009-09-09,78,65,72.0,63,65.0,0.0
2009-09-10,81,64,73.0,62,65.0,0.0
2009-09-11,80,61,71.0,59,63.0,0.0
2009-09-12,79,58,69.0,60,63.0,0.0
2009-09-13,80,58,69.0,54,60.0,0.0
2009-09-14,84,58,71.0,55,61.0,0.0
2009-09-15,82,64,73.0,59,63.0,0.0
2009-09-16,71,59,65.0,54,59.0,0.0
2009-09-17,72,50,61.0,52,56.0,0.0
2009-09-18,79,50,65.0,55,59.0,0.0
2009-09-19,76,55,66.0,55,59.0,0.0
2009-09-20,73,54,64.0,56,60.0,0.75
2009-09-21,67,60,64.0,59,61.0,0.0
2009-09-22,77,59,68.0,65,67.0,0.0
2009-09-23,76,62,69.0,62,64.0,0.0
2009-09-24,73,64,69.0,63,65.0,0.0
2009-09-25,70,60,65.0,57,60.0,0.16
2009-09-26,69,55,62.0,56,59.0,0.0
2009-09-27,74,50,62.0,53,57.0,0.08
2009-09-28,62,49,56.0,42,49.0,0.01
2009-09-29,60,48,54.0,42,48.0,0.0
2009-09-30,62,47,55.0,40,47.0,0.0
2009-10-01,59,41,50.0,46,49.0,0.89
2009-10-02,56,47,52.0,46,48.0,0.21
2009-10-03,57,47,52.0,47,49.0,0.11
2009-10-04,60,45,53.0,43,47.0,0.0
2009-10-05,62,43,53.0,42,47.0,0.0
2009-10-06,61,49,55.0,47,51.0,0.03
2009-10-07,60,45,53.0,39,46.0,0.0
2009-10-08,53,45,49.0,46,48.0,0.12
2009-10-09,52,39,46.0,43,45.0,0.46
2009-10-10,48,31,40.0,30,35.0,0.0
2009-10-11,44,29,37.0,22,32.0,0.0
2009-10-12,48,41,45.0,36,41.0,0.02
2009-10-13,47,34,41.0,32,38.0,0.0
2009-10-14,48,42,45.0,36,41.0,0.03
2009-10-15,44,41,43.0,38,40.0,0.29
2009-10-16,45,39,42.0,36,39.0,0.04
2009-10-17,52,36,44.0,33,39.0,0.0
2009-10-18,53,31,42.0,33,39.0,0.0
2009-10-19,65,44,55.0,41,47.0,0.0
2009-10-20,62,48,55.0,48,52.0,0.03
2009-10-21,69,55,62.0,52,56.0,0.0
2009-10-22,58,48,53.0,48,50.0,1.03
2009-10-23,61,42,52.0,49,50.0,0.89
2009-10-24,50,38,44.0,37,40.0,0.04
2009-10-25,62,44,53.0,45,49.0,0.27
2009-10-26,55,49,52.0,48,49.0,0.11
2009-10-27,51,45,48.0,45,47.0,0.06
2009-10-28,57,50,54.0,49,51.0,0.0
2009-10-29,60,47,54.0,50,52.0,0.6
2009-10-30,67,46,57.0,53,56.0,0.81
2009-10-31,46,35,41.0,31,38.0,0.0
2010-05-01,70,58,64.0,53,58.0,0.11
2010-05-02,69,53,61.0,52,56.0,0.93
2010-05-03,72,50,61.0,45,53.0,0.0
2010-05-04,79,50,65.0,44,54.0,0.0
2010-05-05,72,56,64.0,37,51.0,0.0
2010-05-06,63,46,55.0,39,46.0,0.01
2010-05-07,59,45,52.0,46,48.0,0.72
2010-05-08,50,42,46.0,35,41.0,0.02
2010-05-09,58,38,48.0,29,40.0,0.0
2010-05-10,58,41,50.0,31,42.0,0.0
2010-05-11,52,44,48.0,46,47.0,0.97
2010-05-12,51,44,48.0,45,46.0,0.12
2010-05-13,73,48,61.0,53,55.0,1.49
2010-05-14,66,47,57.0,44,50.0,0.0
2010-05-15,61,43,52.0,42,48.0,0.0
2010-05-16,66,41,54.0,43,49.0,0.0
2010-05-17,58,50,54.0,42,48.0,0.01
2010-05-18,65,46,56.0,40,48.0,0.0
2010-05-19,74,44,59.0,39,51.0,0.0
2010-05-20,74,47,61.0,49,55.0,0.05
2010-05-21,73,56,65.0,58,60.0,0.21
2010-05-22,74,58,66.0,59,61.0,0.0
2010-05-23,89,62,76.0,66,69.0,0.0
2010-05-24,91,70,81.0,67,72.0,0.0
2010-05-25,88,69,79.0,62,68.0,0.0
2010-05-26,87,66,77.0,63,68.0,0.0
2010-05-27,77,61,69.0,50,59.0,0.0
2010-05-28,79,57,68.0,50,58.0,0.0
2010-05-29,86,59,73.0,57,63.0,0.0
2010-05-30,91,61,76.0,59,66.0,0.0
2010-05-31,81,66,74.0,64,67.0,0.26
2010-06-01,85,63,74.0,62,67.0,0.0
2010-06-02,77,57,67.0,61,64.0,1.02
2010-06-03,71,56,64.0,46,55.0,0.0
2010-06-04,83,57,70.0,60,65.0,0.0
2010-06-05,79,60,70.0,65,67.0,0.15
2010-06-06,76,55,66.0,55,59.0,0.0
2010-06-07,70,54,62.0,49,55.0,0.0
2010-06-08,67,58,63.0,57,59.0,0.45
2010-06-09,83,65,74.0,56,63.0,0.0
2010-06-10,77,58,68.0,54,60.0,0.0
2010-06-11,89,64,77.0,67,71.0,0.02
2010-06-12,77,62,70.0,63,65.0,0.34
2010-06-13,71,62,67.0,62,64.0,0.25
2010-06-14,70,60,65.0,61,62.0,0.0
2010-06-15,79,60,70.0,66,67.0,0.59
2010-06-16,82,63,73.0,61,65.0,0.0
2010-06-17,84,64,74.0,62,67.0,0.0
2010-06-18,90,67,79.0,66,69.0,0.87
2010-06-19,85,66,76.0,61,66.0,0.0
2010-06-20,81,64,73.0,61,65.0,0.0
2010-06-21,85,67,76.0,66,69.0,0.22
2010-06-22,85,69,77.0,68,71.0,0.0
2010-06-23,87,69,78.0,70,71.0,0.87
2010-06-24,84,65,75.0,60,65.0,0.0
2010-06-25,84,62,73.0,62,67.0,0.0
2010-06-26,87,69,78.0,66,70.0,0.85
2010-06-27,85,72,79.0,70,73.0,0.54
2010-06-28,82,63,73.0,59,65.0,0.0
2010-06-29,75,59,67.0,53,59.0,0.0
2010-06-30,75,56,66.0,50,57.0,0.0
2010-07-01,77,55,66.0,48,57.0,0.0
2010-07-02,83,59,71.0,53,61.0,0.0
2010-07-03,87,60,74.0,56,63.0,0.0
2010-07-04,91,68,80.0,66,71.0,0.0
2010-07-05,91,78,85.0,64,71.0,0.0
2010-07-06,90,73,82.0,69,73.0,0.37
2010-07-07,93,71,82.0,70,73.0,0.2
2010-07-08,88,73,81.0,70,73.0,0.16
2010-07-09,88,70,79.0,59,67.0,0.0
2010-07-10,89,69,79.0,61,68.0,0.0
2010-07-11,85,66,76.0,63,67.0,0.79
2010-07-12,84,65,75.0,65,68.0,0.0
2010-07-13,84,70,77.0,65,69.0,0.17
2010-07-14,90,70,80.0,71,74.0,0.0
2010-07-15,90,71,81.0,69,73.0,0.01
2010-07-16,90,67,79.0,62,68.0,0.0
2010-07-17,93,71,82.0,63,70.0,0.0
2010-07-18,92,72,82.0,69,73.0,0.01
2010-07-19,84,69,77.0,66,70.0,0.01
2010-07-20,86,68,77.0,68,70.0,0.0
2010-07-21,91,72,82.0,65,70.0,0.0
2010-07-22,90,69,80.0,71,74.0,0.01
2010-07-23,94,70,82.0,71,74.0,2.79
2010-07-24,87,69,78.0,71,73.0,3.64
2010-07-25,81,66,74.0,59,65.0,0.0
2010-07-26,84,61,73.0,62,67.0,0.0
2010-07-27,88,68,78.0,67,71.0,0.0
2010-07-28,88,73,81.0,71,74.0,0.0
2010-07-29,82,67,75.0,58,65.0,0.0
2010-07-30,80,69,75.0,60,65.0,0.0
2010-07-31,80,65,73.0,64,67.0,0.68
2010-08-01,86,65,76.0,65,68.0,0.0
2010-08-02,84,67,76.0,67,70.0,0.0
2010-08-03,86,66,76.0,71,73.0,0.28
2010-08-04,83,71,77.0,72,73.0,0.48
2010-08-05,83,68,76.0,62,67.0,0.0
2010-08-06,82,64,73.0,59,64.0,0.0
2010-08-07,83,62,73.0,64,68.0,0.0
2010-08-08,87,69,78.0,67,70.0,0.08
2010-08-09,88,72,80.0,71,74.0,0.15
2010-08-10,89,75,82.0,71,74.0,0.0
2010-08-11,90,75,83.0,70,74.0,0.0
2010-08-12,92,74,83.0,70,74.0,0.0
2010-08-13,92,73,83.0,70,74.0,0.25
2010-08-14,88,72,80.0,69,73.0,0.0
2010-08-15,83,66,75.0,62,67.0,0.0
2010-08-16,80,63,72.0,54,62.0,0.0
2010-08-17,79,64,72.0,57,63.0,0.03
2010-08-18,84,63,74.0,61,66.0,0.05
2010-08-19,88,66,77.0,65,69.0,0.0
2010-08-20,92,71,82.0,68,72.0,0.03
2010-08-21,86,71,79.0,69,72.0,0.45
2010-08-22,81,68,75.0,64,67.0,0.0
2010-08-23,80,65,73.0,63,67.0,0.0
2010-08-24,84,64,74.0,62,66.0,0.0
2010-08-25,79,61,70.0,51,59.0,0.0
2010-08-26,79,59,69.0,52,59.0,0.0
2010-08-27,86,59,73.0,56,63.0,0.0
2010-08-28,88,65,77.0,54,63.0,0.0
2010-08-29,94,71,83.0,66,71.0,0.0
2010-08-30,88,74,81.0,67,72.0,0.0
2010-08-31,93,75,84.0,68,73.0,0.0
2010-09-01,81,71,76.0,68,70.0,0.17
2010-09-02,83,65,74.0,68,70.0,1.55
2010-09-03,70,56,63.0,52,57.0,0.0
2010-09-04,68,51,60.0,44,51.0,0.0
2010-09-05,76,49,63.0,50,56.0,0.0
2010-09-06,82,66,74.0,52,61.0,0.0
2010-09-07,77,58,68.0,49,58.0,0.0
2010-09-08,71,51,61.0,48,54.0,0.0
2010-09-09,67,50,59.0,49,54.0,0.0
2010-09-10,72,55,64.0,51,58.0,0.0
2010-09-11,75,58,67.0,55,59.0,0.24
2010-09-12,83,54,69.0,51,59.0,0.0
2010-09-13,82,57,70.0,50,59.0,0.0
2010-09-14,77,54,66.0,49,57.0,0.0
2010-09-15,75,59,67.0,54,60.0,0.0
2010-09-16,69,53,61.0,56,59.0,0.16
2010-09-17,74,49,62.0,50,56.0,0.0
2010-09-18,65,58,62.0,55,58.0,0.35
2010-09-19,67,55,61.0,49,55.0,0.0
2010-09-20,75,62,69.0,60,63.0,0.0
2010-09-21,88,68,78.0,64,68.0,0.05
2010-09-22,74,63,69.0,61,63.0,0.0
2010-09-23,89,65,77.0,62,68.0,0.0
2010-09-24,80,56,68.0,54,59.0,0.26
2010-09-25,60,52,56.0,43,49.0,0.0
2010-09-26,60,50,55.0,45,49.0,0.0
2010-09-27,65,48,57.0,45,50.0,0.0
2010-09-28,71,46,59.0,45,52.0,0.0
2010-09-29,75,52,64.0,48,55.0,0.0
2010-09-30,74,52,63.0,49,55.0,0.0
2010-10-01,73,48,61.0,44,52.0,0.08
2010-10-02,57,45,51.0,41,46.0,0.26
2010-10-03,56,42,49.0,39,44.0,0.08
2010-10-04,60,38,49.0,39,45.0,0.0
2010-10-05,68,39,54.0,38,46.0,0.0
2010-10-06,78,46,62.0,44,53.0,0.0
2010-10-07,76,49,63.0,39,50.0,0.0
2010-10-08,79,48,64.0,40,52.0,0.0
2010-10-09,86,55,71.0,52,59.0,0.0
2010-10-10,84,57,71.0,50,59.0,0.0
2010-10-11,82,54,68.0,52,58.0,0.0
2010-10-12,76,52,64.0,54,58.0,0.0
2010-10-13,66,47,57.0,46,52.0,0.1
2010-10-14,66,43,55.0,32,45.0,0.0
2010-10-15,63,44,54.0,41,47.0,0.0
2010-10-16,71,40,56.0,39,48.0,0.0
2010-10-17,65,47,56.0,36,46.0,0.0
2010-10-18,61,43,52.0,40,47.0,0.0
2010-10-19,60,39,50.0,35,43.0,0.0
2010-10-20,70,44,57.0,35,46.0,0.0
2010-10-21,56,38,47.0,30,40.0,0.0
2010-10-22,64,33,49.0,31,42.0,0.02
2010-10-23,65,54,60.0,47,53.0,0.1
2010-10-24,72,54,63.0,53,57.0,0.05
2010-10-25,72,56,64.0,56,60.0,0.0
2010-10-26,70,54,62.0,47,53.0,0.24
2010-10-27,65,43,54.0,32,44.0,0.0
2010-10-28,46,39,43.0,31,38.0,0.0
2010-10-29,50,31,41.0,27,36.0,0.0
2010-10-30,63,42,53.0,32,42.0,0.0
2010-10-31,52,36,44.0,30,38.0,0.0
2011-05-01,63,47,55.0,37,47.0,0.0
2011-05-02,59,42,51.0,31,42.0,0.0
2011-05-03,50,37,44.0,31,38.0,0.0
2011-05-04,59,37,48.0,29,40.0,0.0
2011-05-05,63,35,49.0,40,46.0,0.06
2011-05-06,68,44,56.0,39,48.0,0.0
2011-05-07,60,43,52.0,44,48.0,0.0
2011-05-08,68,39,54.0,43,49.0,0.0
2011-05-09,73,47,60.0,45,53.0,0.0
2011-05-10,90,62,76.0,61,66.0,0.0
2011-05-11,87,63,75.0,66,68.0,0.13
2011-05-12,86,58,72.0,63,66.0,0.29
2011-05-13,77,47,62.0,54,56.0,0.02
2011-05-14,53,45,49.0,47,48.0,0.31
2011-05-15,46,41,44.0,36,41.0,0.31
2011-05-16,52,37,45.0,30,40.0,0.0
2011-05-17,60,40,50.0,33,43.0,0.0
2011-05-18,57,49,53.0,48,49.0,0.07
2011-05-19,72,49,61.0,53,56.0,0.0
2011-05-20,73,50,62.0,54,57.0,0.0
2011-05-21,75,50,63.0,59,62.0,0.01
2011-05-22,87,61,74.0,60,64.0,0.58
2011-05-23,79,60,70.0,59,64.0,0.0
2011-05-24,66,47,57.0,47,51.0,0.11
2011-05-25,67,47,57.0,52,53.0,2.24
2011-05-26,49,43,46.0,40,43.0,1.06
2011-05-27,58,40,49.0,41,46.0,0.0
2011-05-28,62,51,57.0,55,55.0,0.12
2011-05-29,70,52,61.0,59,60.0,1.88
2011-05-30,88,56,72.0,65,69.0,0.0
2011-05-31,85,69,77.0,64,68.0,0.08
2011-06-01,81,59,70.0,49,59.0,0.0
2011-06-02,69,56,63.0,44,53.0,0.02
2011-06-03,87,55,71.0,62,67.0,0.01
2011-06-04,92,64,78.0,64,68.0,0.18
2011-06-05,85,60,73.0,55,62.0,0.0
2011-06-06,93,60,77.0,64,69.0,0.0
2011-06-07,96,75,86.0,65,72.0,0.0
2011-06-08,95,66,81.0,64,71.0,0.17
2011-06-09,69,50,60.0,52,55.0,0.93
2011-06-10,69,51,60.0,56,57.0,0.52
2011-06-11,62,52,57.0,54,55.0,0.03
2011-06-12,64,50,57.0,45,52.0,0.0
2011-06-13,72,54,63.0,43,53.0,0.0
2011-06-14,77,53,65.0,49,56.0,0.0
2011-06-15,71,57,64.0,59,61.0,0.8
2011-06-16,81,61,71.0,59,63.0,0.04
2011-06-17,82,60,71.0,60,64.0,0.0
2011-06-18,84,61,73.0,62,65.0,0.0
2011-06-19,81,63,72.0,65,68.0,0.0
2011-06-20,79,65,72.0,67,69.0,0.18
2011-06-21,89,66,78.0,70,72.0,0.45
2011-06-22,73,64,69.0,63,65.0,0.02
2011-06-23,71,62,67.0,59,62.0,0.01
2011-06-24,68,60,64.0,56,59.0,0.0
2011-06-25,79,58,69.0,53,60.0,0.0
2011-06-26,81,57,69.0,53,60.0,0.0
2011-06-27,81,65,73.0,63,67.0,0.03
2011-06-28,81,63,72.0,54,61.0,0.0
2011-06-29,81,59,70.0,56,62.0,0.0
2011-06-30,88,60,74.0,62,67.0,0.0
2011-07-01,89,72,81.0,62,68.0,0.0
2011-07-02,94,71,83.0,70,74.0,0.0
2011-07-03,84,69,77.0,57,65.0,0.0
2011-07-04,89,65,77.0,55,64.0,0.0
2011-07-05,91,68,80.0,60,68.0,0.0
2011-07-06,86,70,78.0,61,67.0,0.0
2011-07-07,82,63,73.0,53,62.0,0.0
2011-07-08,86,61,74.0,51,62.0,0.0
2011-07-09,91,61,76.0,58,66.0,0.0
2011-07-10,91,74,83.0,68,72.0,0.0
2011-07-11,88,71,80.0,71,74.0,0.39
2011-07-12,87,70,79.0,63,69.0,0.01
2011-07-13,74,63,69.0,57,62.0,0.0
2011-07-14,82,59,71.0,56,63.0,0.0
2011-07-15,87,70,79.0,60,66.0,0.0
2011-07-16,89,71,80.0,61,68.0,0.0
2011-07-17,95,69,82.0,69,74.0,0.0
2011-07-18,92,80,86.0,75,78.0,0.01
2011-07-19,93,78,86.0,72,76.0,0.0
2011-07-20,99,73,86.0,73,77.0,0.02
2011-07-21,99,75,87.0,70,76.0,0.02
2011-07-22,88,70,79.0,70,73.0,1.55
2011-07-23,87,70,79.0,70,73.0,6.86
2011-07-24,87,72,80.0,70,73.0,0.18
2011-07-25,88,73,81.0,66,71.0,0.0
2011-07-26,83,71,77.0,63,68.0,0.0
2011-07-27,90,68,79.0,66,70.0,0.71
2011-07-28,87,73,80.0,71,74.0,0.7
2011-07-29,86,71,79.0,67,71.0,0.7
2011-07-30,91,67,79.0,64,70.0,0.0
2011-07-31,90,68,79.0,69,73.0,0.0
2011-08-01,91,74,83.0,72,75.0,0.0
2011-08-02,93,74,84.0,73,76.0,0.43
2011-08-03,86,72,79.0,67,71.0,0.0
2011-08-04,84,69,77.0,66,69.0,0.0
2011-08-05,83,69,76.0,68,71.0,0.0
2011-08-06,85,72,79.0,70,72.0,0.18
2011-08-07,86,68,77.0,69,71.0,0.75
2011-08-08,80,68,74.0,67,69.0,0.63
2011-08-09,80,64,72.0,61,66.0,0.0
2011-08-10,77,61,69.0,54,61.0,0.0
2011-08-11,81,57,69.0,54,61.0,0.0
2011-08-12,81,60,71.0,59,64.0,0.0
2011-08-13,83,62,73.0,64,66.0,0.75
2011-08-14,75,62,69.0,60,63.0,0.0
2011-08-15,82,57,70.0,55,62.0,0.0
2011-08-16,85,61,73.0,58,64.0,0.0
2011-08-17,83,62,73.0,63,67.0,0.0
2011-08-18,84,67,76.0,60,66.0,0.0
2011-08-19,87,64,76.0,63,68.0,0.0
2011-08-20,80,66,73.0,67,69.0,1.11
2011-08-21,80,64,72.0,58,63.0,0.0
2011-08-22,82,59,71.0,59,64.0,0.0
2011-08-23,73,62,68.0,63,65.0,0.65
2011-08-24,92,69,81.0,65,70.0,0.0
2011-08-25,83,64,74.0,59,64.0,0.0
2011-08-26,83,59,71.0,58,63.0,0.0
2011-08-27,81,64,73.0,62,66.0,0.0
2011-08-28,77,61,69.0,57,61.0,0.0
2011-08-29,79,59,69.0,56,62.0,0.0
2011-08-30,76,61,69.0,56,62.0,0.04
2011-08-31,87,65,76.0,64,68.0,0.0
2011-09-01,93,71,82.0,71,75.0,0.0
2011-09-02,92,76,84.0,69,74.0,0.0
2011-09-03,89,69,79.0,67,71.0,0.02
2011-09-04,73,58,66.0,54,60.0,0.0
2011-09-05,65,52,59.0,45,52.0,0.0
2011-09-06,66,51,59.0,46,52.0,0.0
2011-09-07,70,52,61.0,47,54.0,0.0
2011-09-08,75,57,66.0,53,59.0,0.0
2011-09-09,72,60,66.0,60,62.0,0.02
2011-09-10,78,56,67.0,59,62.0,0.0
2011-09-11,83,57,70.0,59,63.0,0.0
2011-09-12,86,64,75.0,59,65.0,0.0
2011-09-13,73,56,65.0,54,59.0,0.0
2011-09-14,58,47,53.0,43,49.0,0.08
2011-09-15,59,42,51.0,35,44.0,0.0
2011-09-16,58,46,52.0,40,47.0,0.0
2011-09-17,68,50,59.0,45,52.0,0.0
2011-09-18,65,55,60.0,55,57.0,0.43
2011-09-19,69,54,62.0,58,60.0,0.24
2011-09-20,74,49,62.0,54,58.0,0.0
2011-09-21,71,56,64.0,49,56.0,0.0
2011-09-22,64,51,58.0,47,52.0,0.0
2011-09-23,62,48,55.0,44,49.0,0.0
2011-09-24,62,51,57.0,49,51.0,0.14
2011-09-25,64,51,58.0,53,55.0,0.08
2011-09-26,60,53,57.0,51,53.0,1.21
2011-09-27,63,54,59.0,53,55.0,0.31
2011-09-28,63,53,58.0,54,55.0,0.77
2011-09-29,66,49,58.0,51,53.0,0.06
2011-09-30,57,45,51.0,41,47.0,0.09
2011-10-01,56,42,49.0,40,45.0,0.0
2011-10-02,66,41,54.0,38,46.0,0.0
2011-10-03,69,44,57.0,45,50.0,0.0
2011-10-04,76,43,60.0,47,52.0,0.0
2011-10-05,80,49,65.0,48,55.0,0.0
2011-10-06,81,50,66.0,51,58.0,0.0
2011-10-07,84,54,69.0,53,59.0,0.0
2011-10-08,82,54,68.0,54,60.0,0.0
2011-10-09,80,52,66.0,51,58.0,0.0
2011-10-10,76,54,65.0,51,57.0,0.0
2011-10-11,79,57,68.0,54,60.0,0.0
2011-10-12,78,55,67.0,52,58.0,0.0
2011-10-13,66,52,59.0,55,58.0,0.28
2011-10-14,62,48,55.0,41,48.0,0.0
2011-10-15,62,47,55.0,36,46.0,0.0
2011-10-16,62,48,55.0,39,46.0,0.17
2011-10-17,59,41,50.0,33,42.0,0.0
2011-10-18,54,41,48.0,37,43.0,0.06
2011-10-19,49,44,47.0,40,44.0,0.85
2011-10-20,47,43,45.0,37,42.0,0.08
2011-10-21,55,38,47.0,34,41.0,0.0
2011-10-22,66,34,50.0,37,44.0,0.0
2011-10-23,68,38,53.0,41,48.0,0.2
2011-10-24,63,45,54.0,39,46.0,0.0
2011-10-25,74,45,60.0,46,53.0,0.02
2011-10-26,53,47,50.0,42,46.0,0.0
2011-10-27,53,39,46.0,37,42.0,0.12
2011-10-28,55,35,45.0,33,40.0,0.03
2011-10-29,55,34,45.0,30,38.0,0.0
2011-10-30,57,33,45.0,36,41.0,0.17
2011-10-31,53,36,45.0,36,40.0,0.0
2012-05-01,65,49,57.0,52,55.0,0.09
2012-05-02,80,58,69.0,60,64.0,0.0
2012-05-03,86,66,76.0,65,69.0,1.34
2012-05-04,73,55,64.0,55,58.0,0.28
2012-05-05,60,52,56.0,52,54.0,0.0
2012-05-06,70,51,61.0,53,56.0,0.8
2012-05-07,64,52,58.0,55,57.0,0.47
2012-05-08,70,52,61.0,45,53.0,0.0
2012-05-09,60,47,54.0,43,49.0,0.06
2012-05-10,67,46,57.0,34,46.0,0.0
2012-05-11,78,43,61.0,40,52.0,0.0
2012-05-12,69,53,61.0,42,51.0,0.03
2012-05-13,72,50,61.0,31,48.0,0.0
2012-05-14,82,43,63.0,36,51.0,0.0
2012-05-15,86,57,72.0,45,57.0,0.05
2012-05-16,65,50,58.0,33,46.0,0.0
2012-05-17,74,45,60.0,39,50.0,0.0
2012-05-18,85,53,69.0,41,54.0,0.0
2012-05-19,92,59,76.0,53,62.0,0.0
2012-05-20,93,65,79.0,57,65.0,0.14
2012-05-21,67,54,61.0,44,52.0,0.0
2012-05-22,71,50,61.0,41,51.0,0.0
2012-05-23,82,47,65.0,42,54.0,0.0
2012-05-24,90,64,77.0,53,63.0,0.0
2012-05-25,83,65,74.0,49,59.0,0.0
2012-05-26,86,60,73.0,54,61.0,0.0
2012-05-27,97,70,84.0,59,68.0,0.0
2012-05-28,95,77,86.0,60,69.0,0.0
2012-05-29,85,61,73.0,46,59.0,0.0
2012-05-30,70,53,62.0,46,53.0,0.0
2012-05-31,54,47,51.0,45,48.0,1.12
2012-06-01,65,49,57.0,43,49.0,0.01
2012-06-02,76,49,63.0,46,55.0,0.0
2012-06-03,81,57,69.0,48,58.0,0.0
2012-06-04,75,59,67.0,47,56.0,0.0
2012-06-05,70,57,64.0,49,56.0,0.0
2012-06-06,76,52,64.0,46,55.0,0.0
2012-06-07,82,54,68.0,44,56.0,0.0
2012-06-08,88,54,71.0,49,60.0,0.0
2012-06-09,90,65,78.0,50,62.0,0.0
2012-06-10,93,67,80.0,56,66.0,0.0
2012-06-11,90,70,80.0,62,68.0,0.0
2012-06-12,78,59,69.0,46,57.0,0.0
2012-06-13,72,54,63.0,45,55.0,0.0
2012-06-14,87,56,72.0,48,59.0,0.0
2012-06-15,94,59,77.0,49,62.0,0.0
2012-06-16,94,69,82.0,60,68.0,0.31
2012-06-17,87,69,78.0,59,66.0,0.11
2012-06-18,94,69,82.0,65,71.0,0.0
2012-06-19,95,78,87.0,65,72.0,0.0
2012-06-20,95,77,86.0,62,71.0,0.0
2012-06-21,85,70,78.0,59,66.0,0.01
2012-06-22,87,64,76.0,52,62.0,0.0
2012-06-23,87,62,75.0,55,64.0,0.0
2012-06-24,94,65,80.0,57,65.0,0.0
2012-06-25,76,60,68.0,49,58.0,0.0
2012-06-26,83,56,70.0,50,59.0,0.0
2012-06-27,92,57,75.0,51,63.0,0.0
2012-06-28,100,76,88.0,69,74.0,0.04
2012-06-29,88,69,79.0,61,67.0,0.42
2012-06-30,92,69,81.0,67,72.0,0.0
2012-07-01,91,68,80.0,67,71.0,0.0
2012-07-02,98,71,85.0,69,74.0,0.0
2012-07-03,96,77,87.0,67,74.0,0.0
2012-07-04,102,79,91.0,68,75.0,0.0
2012-07-05,103,79,91.0,69,75.0,0.28
2012-07-06,103,82,93.0,71,77.0,0.0
2012-07-07,98,73,86.0,67,72.0,0.0
2012-07-08,85,68,77.0,56,65.0,0.0
2012-07-09,91,66,79.0,57,65.0,0.0
2012-07-10,83,67,75.0,55,64.0,0.0
2012-07-11,87,64,76.0,57,65.0,0.0
2012-07-12,91,66,79.0,54,65.0,0.0
2012-07-13,93,70,82.0,63,69.0,0.28
2012-07-14,90,70,80.0,65,70.0,0.0
2012-07-15,95,71,83.0,66,71.0,0.0
2012-07-16,97,72,85.0,66,72.0,0.0
2012-07-17,99,79,89.0,67,74.0,0.0
2012-07-18,94,72,83.0,71,74.0,0.85
2012-07-19,83,71,77.0,70,72.0,0.8
2012-07-20,81,68,75.0,59,65.0,0.0
2012-07-21,87,65,76.0,63,69.0,0.0
2012-07-22,89,68,79.0,66,70.0,0.0
2012-07-23,97,81,89.0,68,74.0,0.0
2012-07-24,84,69,77.0,65,70.0,0.54
2012-07-25,99,70,85.0,67,73.0,0.01
2012-07-26,89,69,79.0,69,72.0,0.71
2012-07-27,86,66,76.0,64,68.0,0.03
2012-07-28,82,67,75.0,60,66.0,0.0
2012-07-29,85,63,74.0,59,66.0,0.0
2012-07-30,92,69,81.0,62,69.0,0.0
2012-07-31,85,68,77.0,65,69.0,0.16
2012-08-01,90,68,79.0,64,69.0,0.0
2012-08-02,93,66,80.0,63,69.0,0.0
2012-08-03,95,71,83.0,67,72.0,0.0
2012-08-04,93,71,82.0,69,72.0,0.37
2012-08-05,84,66,75.0,59,66.0,0.0
2012-08-06,85,62,74.0,56,64.0,0.0
2012-08-07,92,62,77.0,60,68.0,0.0
2012-08-08,84,72,78.0,62,68.0,0.0
2012-08-09,75,63,69.0,63,65.0,0.05
2012-08-10,76,61,69.0,55,60.0,0.18
2012-08-11,78,56,67.0,53,59.0,0.0
2012-08-12,76,55,66.0,54,60.0,0.0
2012-08-13,69,60,65.0,61,63.0,0.4
2012-08-14,84,56,70.0,60,64.0,0.0
2012-08-15,85,65,75.0,60,66.0,0.0
2012-08-16,76,62,69.0,61,65.0,0.39
2012-08-17,76,58,67.0,51,58.0,0.0
2012-08-18,77,53,65.0,51,58.0,0.0
2012-08-19,79,60,70.0,50,58.0,0.0
2012-08-20,74,58,66.0,56,60.0,0.08
2012-08-21,79,53,66.0,50,58.0,0.0
2012-08-22,85,54,70.0,52,60.0,0.0
2012-08-23,92,64,78.0,56,64.0,0.03
2012-08-24,94,64,79.0,57,66.0,0.0
2012-08-25,93,66,80.0,57,66.0,0.0
2012-08-26,79,66,73.0,67,68.0,0.57
2012-08-27,88,66,77.0,61,67.0,0.0
2012-08-28,86,63,75.0,61,65.0,0.0
2012-08-29,84,65,75.0,59,65.0,0.0
2012-08-30,90,64,77.0,59,66.0,0.0
2012-08-31,92,71,82.0,64,70.0,0.0
2012-09-01,75,71,73.0,66,69.0,0.0
2012-09-02,82,73,78.0,69,71.0,0.0
2012-09-03,88,71,80.0,70,73.0,0.0
2012-09-04,90,66,78.0,69,72.0,0.64
2012-09-05,86,63,75.0,64,68.0,0.16
2012-09-06,86,68,77.0,61,67.0,0.0
2012-09-07,78,59,69.0,60,64.0,0.06
2012-09-08,73,54,64.0,50,56.0,0.28
2012-09-09,72,55,64.0,51,56.0,0.0
2012-09-10,75,52,64.0,50,56.0,0.0
2012-09-11,83,52,68.0,53,60.0,0.0
2012-09-12,86,63,75.0,56,63.0,0.0
2012-09-13,71,54,63.0,53,57.0,0.19
2012-09-14,76,51,64.0,46,54.0,0.0
2012-09-15,79,50,65.0,46,55.0,0.0
2012-09-16,77,49,63.0,47,55.0,0.0
2012-09-17,78,55,67.0,56,59.0,0.26
2012-09-18,63,47,55.0,39,47.0,0.0
2012-09-19,73,41,57.0,40,50.0,0.0
2012-09-20,72,51,62.0,39,50.0,0.0
2012-09-21,60,48,54.0,46,50.0,0.15
2012-09-22,59,44,52.0,41,46.0,0.02
2012-09-23,61,40,51.0,35,43.0,0.0
2012-09-24,70,37,54.0,34,46.0,0.0
2012-09-25,77,49,63.0,52,57.0,0.0
2012-09-26,68,53,61.0,50,54.0,0.0
2012-09-27,65,46,56.0,46,51.0,0.0
2012-09-28,67,50,59.0,48,52.0,0.0
2012-09-29,79,48,64.0,46,53.0,0.0
2012-09-30,66,50,58.0,46,51.0,0.0
2012-10-01,66,47,57.0,46,52.0,0.0
2012-10-02,69,53,61.0,50,55.0,0.0
2012-10-03,63,59,61.0,59,60.0,0.26
2012-10-04,77,48,63.0,52,56.0,0.12
2012-10-05,50,39,45.0,31,40.0,0.0
2012-10-06,50,34,42.0,28,37.0,0.0
2012-10-07,51,36,44.0,24,36.0,0.0
2012-10-08,60,32,46.0,29,40.0,0.0
2012-10-09,65,42,54.0,38,45.0,0.17
2012-10-10,51,35,43.0,31,38.0,0.0
2012-10-11,67,35,51.0,35,44.0,0.02
2012-10-12,53,37,45.0,32,40.0,0.0
2012-10-13,67,44,56.0,52,54.0,0.21
2012-10-14,71,48,60.0,55,57.0,0.77
2012-10-15,60,41,51.0,41,46.0,0.0
2012-10-16,70,40,55.0,45,51.0,0.0
2012-10-17,68,54,61.0,52,56.0,0.51
2012-10-18,54,45,50.0,41,45.0,0.07
2012-10-19,52,43,48.0,43,45.0,0.02
2012-10-20,59,39,49.0,40,44.0,0.0
2012-10-21,68,37,53.0,45,49.0,0.0
2012-10-22,65,49,57.0,56,57.0,0.81
2012-10-23,70,57,64.0,60,61.0,0.06
2012-10-24,78,58,68.0,62,65.0,0.0
2012-10-25,75,45,60.0,56,59.0,0.13
2012-10-26,51,37,44.0,30,39.0,0.0
2012-10-27,48,34,41.0,27,36.0,0.0
2012-10-28,49,38,44.0,30,38.0,0.0
2012-10-29,51,36,44.0,30,38.0,0.0
2012-10-30,48,39,44.0,26,36.0,0.0
2012-10-31,50,34,42.0,26,35.0,0.0
2013-05-01,84,56,70.0,54,62.0,0.0
2013-05-02,55,42,49.0,41,45.0,0.11
2013-05-03,48,40,44.0,42,43.0,0.05
2013-05-04,71,48,60.0,45,51.0,0.02
2013-05-05,69,48,59.0,43,50.0,0.0
2013-05-06,71,50,61.0,39,49.0,0.0
2013-05-07,75,48,62.0,41,52.0,0.0
2013-05-08,79,48,64.0,43,54.0,0.0
2013-05-09,75,46,61.0,50,54.0,0.32
2013-05-10,47,44,46.0,43,45.0,0.13
2013-05-11,60,43,52.0,37,45.0,0.0
2013-05-12,55,37,46.0,29,39.0,0.0
2013-05-13,64,36,50.0,32,43.0,0.0
2013-05-14,91,50,71.0,49,59.0,0.0
2013-05-15,84,60,72.0,49,59.0,0.0
2013-05-16,83,53,68.0,46,56.0,0.0
2013-05-17,70,55,63.0,46,53.0,0.0
2013-05-18,80,56,68.0,56,61.0,0.0
2013-05-19,86,58,72.0,61,66.0,0.0
2013-05-20,89,65,77.0,60,67.0,1.09
2013-05-21,81,64,73.0,63,66.0,0.56
2013-05-22,73,52,63.0,60,63.0,1.35
2013-05-23,54,42,48.0,43,46.0,0.06
2013-05-24,57,41,49.0,34,42.0,0.0
2013-05-25,57,44,51.0,37,44.0,0.0
2013-05-26,68,44,56.0,44,50.0,0.02
2013-05-27,62,53,58.0,53,55.0,0.23
2013-05-28,76,56,66.0,64,66.0,0.2
2013-05-29,84,64,74.0,64,67.0,0.01
2013-05-30,83,64,74.0,66,69.0,0.51
2013-05-31,77,64,71.0,65,67.0,0.3
2013-06-01,76,63,70.0,62,64.0,0.56
2013-06-02,63,43,53.0,50,51.0,0.01
2013-06-03,68,43,56.0,43,50.0,0.0
2013-06-04,72,50,61.0,45,52.0,0.0
2013-06-05,73,54,64.0,49,54.0,0.01
2013-06-06,64,52,58.0,50,53.0,0.15
2013-06-07,68,52,60.0,45,52.0,0.0
2013-06-08,74,49,62.0,43,53.0,0.0
2013-06-09,80,55,68.0,55,61.0,0.01
2013-06-10,76,60,68.0,63,65.0,0.26
2013-06-11,83,60,72.0,62,67.0,0.0
2013-06-12,86,63,75.0,64,67.0,0.75
2013-06-13,73,58,66.0,54,59.0,0.0
2013-06-14,78,56,67.0,51,57.0,0.0
2013-06-15,80,58,69.0,62,65.0,0.17
2013-06-16,86,69,78.0,62,67.0,0.0
2013-06-17,88,59,74.0,55,63.0,0.03
2013-06-18,71,56,64.0,52,56.0,0.0
2013-06-19,75,53,64.0,46,55.0,0.0
2013-06-20,86,56,71.0,58,64.0,0.0
2013-06-21,82,68,75.0,65,68.0,0.79
2013-06-22,80,67,74.0,67,69.0,0.04
2013-06-23,87,66,77.0,68,71.0,0.84
2013-06-24,89,67,78.0,67,69.0,0.18
2013-06-25,85,67,76.0,69,71.0,0.03
2013-06-26,80,66,73.0,67,68.0,1.48
2013-06-27,90,64,77.0,67,70.0,0.92
2013-06-28,83,67,75.0,61,66.0,0.0
2013-06-29,72,64,68.0,59,62.0,0.0
2013-06-30,77,62,70.0,52,59.0,0.0
2013-07-01,75,59,67.0,51,58.0,0.0
2013-07-02,68,60,64.0,52,57.0,0.0
2013-07-03,72,59,66.0,60,62.0,0.02
2013-07-04,83,56,70.0,61,64.0,0.0
2013-07-05,86,60,73.0,61,66.0,0.0
2013-07-06,83,65,74.0,65,68.0,0.0
2013-07-07,88,70,79.0,67,71.0,0.0
2013-07-08,86,70,78.0,71,74.0,0.5
2013-07-09,85,73,79.0,74,75.0,0.0
2013-07-10,85,66,76.0,65,70.0,0.0
2013-07-11,81,64,73.0,54,62.0,0.0
2013-07-12,83,58,71.0,53,61.0,0.0
2013-07-13,84,62,73.0,59,65.0,0.0
2013-07-14,88,72,80.0,66,71.0,0.0
2013-07-15,89,71,80.0,71,74.0,0.09
2013-07-16,92,73,83.0,72,75.0,0.0
2013-07-17,94,76,85.0,72,76.0,0.0
2013-07-18,95,77,86.0,72,76.0,0.0
2013-07-19,96,71,84.0,70,75.0,0.58
2013-07-20,89,71,80.0,64,69.0,0.06
2013-07-21,88,68,78.0,65,69.0,0.01
2013-07-22,87,71,79.0,66,71.0,0.0
2013-07-23,78,63,71.0,60,64.0,0.03
2013-07-24,72,60,66.0,51,58.0,0.0
2013-07-25,81,57,69.0,54,61.0,0.0
2013-07-26,70,62,66.0,61,63.0,0.39
2013-07-27,65,55,60.0,51,56.0,0.0
2013-07-28,69,54,62.0,50,55.0,0.0
2013-07-29,76,57,67.0,55,59.0,0.0
2013-07-30,74,57,66.0,59,62.0,0.04
2013-07-31,75,62,69.0,64,65.0,0.5
2013-08-01,81,61,71.0,57,62.0,0.0
2013-08-02,84,62,73.0,63,67.0,0.63
2013-08-03,81,64,73.0,55,62.0,0.0
2013-08-04,75,60,68.0,56,61.0,0.0
2013-08-05,75,58,67.0,59,62.0,0.07
2013-08-06,83,67,75.0,68,70.0,0.04
2013-08-07,89,67,78.0,68,71.0,0.0
2013-08-08,78,65,72.0,56,62.0,0.0
2013-08-09,82,59,71.0,60,65.0,0.0
2013-08-10,81,64,73.0,57,65.0,0.0
2013-08-11,81,60,71.0,61,65.0,0.01
2013-08-12,82,67,75.0,65,68.0,0.27
2013-08-13,70,58,64.0,52,58.0,0.0
2013-08-14,72,56,64.0,50,56.0,0.0
2013-08-15,75,55,65.0,53,58.0,0.0
2013-08-16,82,55,69.0,52,60.0,0.0
2013-08-17,81,57,69.0,56,62.0,0.0
2013-08-18,81,59,70.0,57,63.0,0.0
2013-08-19,85,57,71.0,60,65.0,0.0
2013-08-20,88,66,77.0,62,68.0,0.0
2013-08-21,90,68,79.0,65,70.0,0.01
2013-08-22,78,68,73.0,67,69.0,0.23
2013-08-23,82,62,72.0,55,63.0,0.0
2013-08-24,86,60,73.0,59,65.0,0.0
2013-08-25,89,65,77.0,62,68.0,0.0
2013-08-26,92,70,81.0,68,72.0,0.0
2013-08-27,96,77,87.0,70,75.0,0.0
2013-08-28,83,71,77.0,69,72.0,0.0
2013-08-29,89,66,78.0,64,69.0,0.0
2013-08-30,96,67,82.0,68,72.0,0.36
2013-08-31,78,71,75.0,67,69.0,0.07
2013-09-01,85,65,75.0,67,70.0,0.14
2013-09-02,79,60,70.0,61,64.0,0.0
2013-09-03,77,57,67.0,54,59.0,0.0
2013-09-04,84,59,72.0,57,63.0,0.0
2013-09-05,74,59,67.0,54,60.0,0.0
2013-09-06,86,57,72.0,58,64.0,0.0
2013-09-07,88,65,77.0,62,68.0,0.01
2013-09-08,77,71,74.0,66,69.0,0.0
2013-09-09,94,68,81.0,70,74.0,0.0
2013-09-10,95,77,86.0,64,71.0,0.0
2013-09-11,91,75,83.0,66,71.0,0.0
2013-09-12,82,62,72.0,59,64.0,0.0
2013-09-13,67,52,60.0,45,52.0,0.0
2013-09-14,72,47,60.0,43,52.0,0.0
2013-09-15,62,56,59.0,52,55.0,0.65
2013-09-16,64,51,58.0,47,52.0,0.0
2013-09-17,71,49,60.0,51,56.0,0.0
2013-09-18,81,60,71.0,60,64.0,0.55
2013-09-19,84,69,77.0,68,70.0,0.84
2013-09-20,76,58,67.0,60,63.0,0.0
2013-09-21,67,52,60.0,48,53.0,0.0
2013-09-22,67,49,58.0,47,52.0,0.0
2013-09-23,67,46,57.0,48,53.0,0.0
2013-09-24,70,49,60.0,49,54.0,0.0
2013-09-25,70,51,61.0,52,56.0,0.0
2013-09-26,75,50,63.0,52,58.0,0.0
2013-09-27,81,52,67.0,51,57.0,0.0
2013-09-28,84,55,70.0,56,62.0,0.2
2013-09-29,68,51,60.0,49,54.0,0.18
2013-09-30,74,47,61.0,49,55.0,0.0
2013-10-01,79,62,71.0,62,65.0,0.0
2013-10-02,76,62,69.0,50,59.0,0.0
2013-10-03,78,60,69.0,65,67.0,0.12
2013-10-04,74,65,70.0,65,66.0,0.0
2013-10-05,80,61,71.0,66,68.0,0.82
2013-10-06,64,45,55.0,44,49.0,0.09
2013-10-07,68,45,57.0,45,50.0,0.0
2013-10-08,75,43,59.0,48,53.0,0.0
2013-10-09,71,48,60.0,47,53.0,0.0
2013-10-10,74,46,60.0,50,55.0,0.0
2013-10-11,76,51,64.0,51,56.0,0.0
2013-10-12,73,46,60.0,54,57.0,0.12
2013-10-13,64,44,54.0,41,48.0,0.0
2013-10-14,62,42,52.0,44,49.0,0.0
2013-10-15,64,49,57.0,51,54.0,0.07
2013-10-16,54,47,51.0,45,48.0,0.0
2013-10-17,53,40,47.0,44,46.0,0.29
2013-10-18,50,39,45.0,40,43.0,0.0
2013-10-19,54,42,48.0,37,42.0,0.01
2013-10-20,61,36,49.0,42,46.0,0.01
2013-10-21,55,33,44.0,31,38.0,0.0
2013-10-22,42,29,36.0,31,34.0,0.0
2013-10-23,46,32,39.0,27,34.0,0.0
2013-10-24,44,31,38.0,25,33.0,0.0
2013-10-25,51,29,40.0,26,35.0,0.0
2013-10-26,55,37,46.0,29,39.0,0.0
2013-10-27,54,29,42.0,29,37.0,0.0
2013-10-28,53,35,44.0,37,41.0,0.0
2013-10-29,57,42,50.0,40,45.0,0.0
2013-10-30,63,43,53.0,52,53.0,0.55
2013-10-31,64,46,55.0,56,57.0,1.04
2014-05-01,49,42,46.0,38,42.0,0.09
2014-05-02,53,46,50.0,39,45.0,0.0
2014-05-03,67,46,57.0,37,48.0,0.0
2014-05-04,58,44,51.0,29,41.0,0.0
2014-05-05,55,43,49.0,34,42.0,0.05
2014-05-06,63,41,52.0,34,45.0,0.0
2014-05-07,78,48,63.0,42,50.0,0.0
2014-05-08,89,51,70.0,55,63.0,0.1
2014-05-09,73,54,64.0,52,58.0,1.03
2014-05-10,77,47,62.0,42,52.0,0.0
2014-05-11,81,52,67.0,53,59.0,0.12
2014-05-12,84,64,74.0,64,67.0,2.09
2014-05-13,67,52,60.0,53,56.0,0.12
2014-05-14,56,44,50.0,39,46.0,0.02
2014-05-15,55,40,48.0,35,41.0,0.19
2014-05-16,46,37,42.0,34,38.0,0.1
2014-05-17,60,39,50.0,33,42.0,0.0
2014-05-18,69,47,58.0,37,48.0,0.0
2014-05-19,69,45,57.0,40,50.0,0.0
2014-05-20,85,62,74.0,58,63.0,0.82
2014-05-21,86,63,75.0,55,63.0,0.01
2014-05-22,70,53,62.0,47,54.0,0.0
2014-05-23,69,48,59.0,43,51.0,0.0
2014-05-24,74,47,61.0,42,52.0,0.0
2014-05-25,83,50,67.0,46,56.0,0.0
2014-05-26,87,61,74.0,59,65.0,0.0
2014-05-27,85,58,72.0,61,65.0,0.21
2014-05-28,71,56,64.0,49,55.0,0.03
2014-05-29,76,54,65.0,51,57.0,0.0
2014-05-30,79,53,66.0,49,57.0,0.0
2014-05-31,88,54,71.0,50,59.0,0.0
2014-06-01,90,63,77.0,59,66.0,0.0
2014-06-02,83,68,76.0,62,67.0,0.14
2014-06-03,81,66,74.0,50,60.0,0.0
2014-06-04,70,55,63.0,53,57.0,0.19
2014-06-05,76,52,64.0,42,53.0,0.0
2014-06-06,81,49,65.0,40,54.0,0.0
2014-06-07,84,57,71.0,50,59.0,0.08
2014-06-08,72,54,63.0,44,53.0,0.23
2014-06-09,78,55,67.0,48,55.0,0.0
2014-06-10,66,56,61.0,51,55.0,1.26
2014-06-11,67,57,62.0,55,58.0,0.52
2014-06-12,79,58,69.0,56,62.0,0.0
2014-06-13,75,55,65.0,41,52.0,0.0
2014-06-14,79,52,66.0,43,55.0,0.0
2014-06-15,84,60,72.0,55,63.0,0.0
2014-06-16,88,67,78.0,61,67.0,0.0
2014-06-17,91,77,84.0,64,70.0,0.0
2014-06-18,82,61,72.0,63,66.0,0.65
2014-06-19,79,59,69.0,61,64.0,0.32
2014-06-20,85,63,74.0,63,67.0,0.01
2014-06-21,84,60,72.0,62,65.0,1.28
2014-06-22,82,63,73.0,61,64.0,0.0
2014-06-23,81,66,74.0,65,68.0,0.05
2014-06-24,87,70,79.0,65,69.0,0.41
2014-06-25,80,59,70.0,58,61.0,0.0
2014-06-26,78,59,69.0,57,61.0,0.0
2014-06-27,88,59,74.0,62,67.0,0.0
2014-06-28,87,71,79.0,67,70.0,0.0
2014-06-29,85,69,77.0,67,71.0,0.07
2014-06-30,87,67,77.0,67,70.0,2.6
2014-07-01,80,67,74.0,60,65.0,0.0
2014-07-02,70,56,63.0,53,57.0,0.12
2014-07-03,76,56,66.0,48,56.0,0.07
2014-07-04,79,58,69.0,48,57.0,0.0
2014-07-05,77,60,69.0,54,60.0,0.0
2014-07-06,87,63,75.0,63,68.0,0.0
2014-07-07,88,71,80.0,63,69.0,0.63
2014-07-08,81,66,74.0,59,65.0,0.54
2014-07-09,80,62,71.0,54,61.0,0.0
2014-07-10,79,60,70.0,53,60.0,0.0
2014-07-11,81,60,71.0,54,61.0,0.01
2014-07-12,80,70,75.0,66,69.0,0.47
2014-07-13,85,68,77.0,61,67.0,0.01
2014-07-14,80,61,71.0,54,61.0,0.2
2014-07-15,70,55,63.0,50,56.0,0.05
2014-07-16,72,55,64.0,47,55.0,0.0
2014-07-17,78,54,66.0,50,57.0,0.0
2014-07-18,79,59,69.0,53,60.0,0.0
2014-07-19,80,57,69.0,52,60.0,0.0
2014-07-20,82,60,71.0,56,63.0,0.0
2014-07-21,86,63,75.0,61,66.0,0.0
2014-07-22,90,69,80.0,67,71.0,0.01
2014-07-23,75,59,67.0,51,58.0,0.0
2014-07-24,75,57,66.0,47,56.0,0.0
2014-07-25,75,55,65.0,54,60.0,0.0
2014-07-26,84,68,76.0,63,67.0,0.0
2014-07-27,87,65,76.0,59,66.0,0.02
2014-07-28,73,59,66.0,48,56.0,0.0
2014-07-29,81,58,70.0,53,60.0,0.01
2014-07-30,79,59,69.0,54,60.0,0.0
2014-07-31,84,59,72.0,55,62.0,0.0
2014-08-01,85,62,74.0,56,63.0,0.15
2014-08-02,86,59,73.0,53,61.0,0.0
2014-08-03,87,62,75.0,58,65.0,0.0
2014-08-04,87,67,77.0,60,65.0,2.76
2014-08-05,80,64,72.0,62,65.0,0.0
2014-08-06,80,62,71.0,54,61.0,0.0
2014-08-07,81,61,71.0,56,63.0,0.0
2014-08-08,82,66,74.0,57,64.0,0.0
2014-08-09,80,66,73.0,57,63.0,0.0
2014-08-10,81,69,75.0,59,65.0,0.0
2014-08-11,82,67,75.0,63,67.0,0.85
2014-08-12,70,61,66.0,55,59.0,0.07
2014-08-13,82,57,70.0,55,61.0,0.0
2014-08-14,72,57,65.0,48,56.0,0.0
2014-08-15,78,52,65.0,50,58.0,0.0
2014-08-16,82,62,72.0,61,65.0,0.0
2014-08-17,71,64,68.0,61,63.0,0.0
2014-08-18,83,65,74.0,62,66.0,0.0
2014-08-19,86,69,78.0,65,69.0,0.09
2014-08-20,86,66,76.0,63,68.0,0.0
2014-08-21,79,70,75.0,68,70.0,0.98
2014-08-22,86,72,79.0,70,73.0,1.58
2014-08-23,86,68,77.0,69,71.0,0.34
2014-08-24,88,70,79.0,69,72.0,0.0
2014-08-25,88,71,80.0,68,71.0,0.01
2014-08-26,85,71,78.0,65,69.0,0.12
2014-08-27,82,67,75.0,60,65.0,0.0
2014-08-28,77,67,72.0,57,63.0,0.0
2014-08-29,86,71,79.0,67,70.0,0.08
2014-08-30,83,70,77.0,65,69.0,0.27
2014-08-31,85,68,77.0,65,69.0,0.0
2014-09-01,83,70,77.0,65,69.0,0.36
2014-09-02,82,67,75.0,60,65.0,0.01
2014-09-03,83,61,72.0,59,65.0,0.0
2014-09-04,85,71,78.0,66,70.0,0.26
2014-09-05,88,64,76.0,65,69.0,0.5
2014-09-06,75,60,68.0,51,58.0,0.0
2014-09-07,80,54,67.0,49,57.0,0.0
2014-09-08,77,55,66.0,52,59.0,0.0
2014-09-09,79,63,71.0,59,64.0,0.01
2014-09-10,80,56,68.0,61,64.0,1.31
2014-09-11,56,50,53.0,42,47.0,0.0
2014-09-12,55,44,50.0,43,46.0,0.13
2014-09-13,59,41,50.0,40,44.0,0.0
2014-09-14,65,42,54.0,43,49.0,0.0
2014-09-15,62,51,57.0,48,52.0,0.0
2014-09-16,68,44,56.0,43,50.0,0.0
2014-09-17,70,48,59.0,45,52.0,0.0
2014-09-18,70,53,62.0,52,56.0,0.0
2014-09-19,78,53,66.0,48,56.0,0.0
2014-09-20,77,63,70.0,61,64.0,0.12
2014-09-21,69,51,60.0,50,55.0,0.0
2014-09-22,67,46,57.0,43,49.0,0.0
2014-09-23,74,51,63.0,46,53.0,0.0
2014-09-24,77,54,66.0,49,56.0,0.0
2014-09-25,74,56,65.0,52,58.0,0.0
2014-09-26,79,51,65.0,53,58.0,0.0
2014-09-27,79,54,67.0,54,59.0,0.0
2014-09-28,78,53,66.0,55,59.0,0.0
2014-09-29,83,53,68.0,54,58.0,0.01
2014-09-30,58,47,53.0,47,50.0,0.0
2014-10-01,70,49,60.0,50,55.0,0.0
2014-10-02,72,63,68.0,61,63.0,0.32
2014-10-03,65,43,54.0,45,49.0,0.68
2014-10-04,47,35,41.0,34,39.0,0.06
2014-10-05,55,37,46.0,35,42.0,0.01
2014-10-06,61,42,52.0,38,45.0,0.01
2014-10-07,66,48,57.0,43,50.0,0.0
2014-10-08,65,44,55.0,35,46.0,0.0
2014-10-09,62,43,53.0,34,44.0,0.0
2014-10-10,58,39,49.0,39,44.0,0.0
2014-10-11,59,36,48.0,34,42.0,0.0
2014-10-12,63,38,51.0,42,47.0,0.01
2014-10-13,67,56,62.0,58,60.0,0.64
2014-10-14,65,52,59.0,57,58.0,0.65
2014-10-15,55,50,53.0,51,51.0,0.05
2014-10-16,56,50,53.0,49,51.0,0.0
2014-10-17,62,48,55.0,46,50.0,0.0
2014-10-18,50,36,43.0,38,42.0,0.01
2014-10-19,54,33,44.0,38,43.0,0.0
2014-10-20,65,46,56.0,44,49.0,0.01
2014-10-21,53,45,49.0,39,44.0,0.0
2014-10-22,56,35,46.0,38,43.0,0.0
2014-10-23,59,36,48.0,40,45.0,0.0
2014-10-24,67,52,60.0,46,52.0,0.0
2014-10-25,72,49,61.0,40,51.0,0.0
2014-10-26,64,42,53.0,32,44.0,0.0
2014-10-27,77,51,64.0,51,58.0,0.0
2014-10-28,68,45,57.0,38,47.0,0.0
2014-10-29,49,36,43.0,32,40.0,0.0
2014-10-30,51,32,42.0,34,40.0,0.0
2014-10-31,47,33,40.0,25,33.0,0.03
